-- MySQL dump 10.13  Distrib 8.0.41, for Win64 (x86_64)
--
-- Host: localhost    Database: littlelemondb
-- ------------------------------------------------------
-- Server version	8.0.41

/*!40101 SET @OLD_CHARACTER_SET_CLIENT=@@CHARACTER_SET_CLIENT */;
/*!40101 SET @OLD_CHARACTER_SET_RESULTS=@@CHARACTER_SET_RESULTS */;
/*!40101 SET @OLD_COLLATION_CONNECTION=@@COLLATION_CONNECTION */;
/*!50503 SET NAMES utf8mb4 */;
/*!40103 SET @OLD_TIME_ZONE=@@TIME_ZONE */;
/*!40103 SET TIME_ZONE='+00:00' */;
/*!40014 SET @OLD_UNIQUE_CHECKS=@@UNIQUE_CHECKS, UNIQUE_CHECKS=0 */;
/*!40014 SET @OLD_FOREIGN_KEY_CHECKS=@@FOREIGN_KEY_CHECKS, FOREIGN_KEY_CHECKS=0 */;
/*!40101 SET @OLD_SQL_MODE=@@SQL_MODE, SQL_MODE='NO_AUTO_VALUE_ON_ZERO' */;
/*!40111 SET @OLD_SQL_NOTES=@@SQL_NOTES, SQL_NOTES=0 */;

DROP DATABASE IF EXISTS littlelemondb;
CREATE DATABASE littlelemondb;
USE littlelemondb;
--
-- Table structure for table `bookings`
--

DROP TABLE IF EXISTS `bookings`;
/*!40101 SET @saved_cs_client     = @@character_set_client */;
/*!50503 SET character_set_client = utf8mb4 */;
CREATE TABLE `bookings` (
  `id` int NOT NULL AUTO_INCREMENT,
  `booking_date_time` datetime NOT NULL,
  `table_number` int NOT NULL,
  `customers_id` int NOT NULL,
  PRIMARY KEY (`id`),
  UNIQUE KEY `booking_date_time` (`booking_date_time`,`table_number`),
  KEY `fk_bookings_customers1_idx` (`customers_id`),
  CONSTRAINT `fk_bookings_customers1` FOREIGN KEY (`customers_id`) REFERENCES `customers` (`id`)
) ENGINE=InnoDB AUTO_INCREMENT=24 DEFAULT CHARSET=utf8mb4 COLLATE=utf8mb4_0900_ai_ci;
/*!40101 SET character_set_client = @saved_cs_client */;

--
-- Dumping data for table `bookings`
--

LOCK TABLES `bookings` WRITE;
/*!40000 ALTER TABLE `bookings` DISABLE KEYS */;
INSERT INTO `bookings` (`id`, `booking_date_time`, `table_number`, `customers_id`) VALUES (1,'2025-02-08 03:02:55',1,1),(2,'2025-02-08 15:01:47',2,2),(3,'2025-02-09 13:00:00',3,3),(5,'2025-02-10 13:00:00',3,3),(6,'2025-02-11 13:00:00',3,3),(8,'2025-02-13 13:00:00',3,3),(10,'2025-02-14 13:00:00',3,3),(12,'2025-02-15 13:00:00',3,3),(13,'2025-02-16 13:00:00',3,3);
/*!40000 ALTER TABLE `bookings` ENABLE KEYS */;
UNLOCK TABLES;

--
-- Table structure for table `customers`
--

DROP TABLE IF EXISTS `customers`;
/*!40101 SET @saved_cs_client     = @@character_set_client */;
/*!50503 SET character_set_client = utf8mb4 */;
CREATE TABLE `customers` (
  `id` int NOT NULL AUTO_INCREMENT,
  `name` varchar(255) NOT NULL,
  `contact_number` varchar(20) NOT NULL,
  `member_since` timestamp NOT NULL DEFAULT CURRENT_TIMESTAMP,
  PRIMARY KEY (`id`)
) ENGINE=InnoDB AUTO_INCREMENT=1001 DEFAULT CHARSET=utf8mb4 COLLATE=utf8mb4_0900_ai_ci;
/*!40101 SET character_set_client = @saved_cs_client */;

--
-- Dumping data for table `customers`
--

LOCK TABLES `customers` WRITE;
/*!40000 ALTER TABLE `customers` DISABLE KEYS */;
INSERT INTO `customers` (`id`, `name`, `contact_number`, `member_since`) VALUES (1,'Doretta Shellibeer','380-976-4107','2024-02-28 16:00:00'),(2,'Inigo McGonnell','265-843-8633','2015-10-02 16:00:00'),(3,'Christian Brooksbie','749-653-2454','2017-05-18 16:00:00'),(4,'Tricia Kaliszewski','330-561-0548','2021-02-22 16:00:00'),(5,'Natassia Espin','999-135-8193','2019-07-15 16:00:00'),(6,'Domenic Vlasenkov','589-326-0104','2012-04-30 16:00:00'),(7,'Verile Gutowska','527-690-5568','2015-10-26 16:00:00'),(8,'Derron De Vuyst','182-896-3680','2012-08-29 16:00:00'),(9,'Ardeen Orehead','237-227-3626','2020-01-02 16:00:00'),(10,'Ker Cool','695-411-2114','2011-01-11 16:00:00'),(11,'Emlynne Quainton','828-533-5659','2019-03-28 16:00:00'),(12,'Gallagher Jozsa','807-591-9725','2023-12-12 16:00:00'),(13,'Gordan Petkov','817-232-1715','2024-02-14 16:00:00'),(14,'Portia Tonsley','614-217-1178','2017-06-23 16:00:00'),(15,'Kiley Cupper','276-397-6376','2024-09-10 16:00:00'),(16,'Cora Wrench','544-726-1204','2014-09-10 16:00:00'),(17,'Sibelle Berks','624-481-4209','2012-05-03 16:00:00'),(18,'Garnette Prendiville','135-864-9611','2017-08-21 16:00:00'),(19,'Esteban Bartalini','556-165-3442','2014-02-23 16:00:00'),(20,'Adelheid Gohier','155-627-7262','2023-11-29 16:00:00'),(21,'Theodosia Berndt','398-740-6581','2013-08-03 16:00:00'),(22,'Charleen Humfrey','454-191-8611','2017-01-21 16:00:00'),(23,'Abdel Casewell','603-862-6423','2024-08-15 16:00:00'),(24,'Lyndsay Pettigrew','504-186-4529','2017-12-19 16:00:00'),(25,'Karla Allanson','671-182-3289','2010-09-15 16:00:00'),(26,'Devinne Dullard','902-705-4935','2024-08-14 16:00:00'),(27,'Phelia Cowlard','463-377-8809','2013-12-03 16:00:00'),(28,'Caz Kahan','433-562-0476','2012-11-16 16:00:00'),(29,'John Carbert','875-347-0004','2012-08-15 16:00:00'),(30,'Enriqueta Heape','355-182-8294','2021-03-03 16:00:00'),(31,'Cayla Brodway','222-448-9392','2018-06-26 16:00:00'),(32,'Aridatha Patesel','817-786-1974','2022-05-29 16:00:00'),(33,'Daria Goodyer','359-754-6931','2010-11-21 16:00:00'),(34,'Gaspar Gurge','621-752-0589','2020-05-04 16:00:00'),(35,'Alistair Easton','526-529-9763','2014-07-10 16:00:00'),(36,'Lacee Blowfelde','577-249-1296','2014-01-18 16:00:00'),(37,'Onfre Senner','133-768-8401','2016-03-02 16:00:00'),(38,'Winfield Castell','843-593-4824','2010-06-13 16:00:00'),(39,'Patricio Sibley','316-183-1902','2015-12-24 16:00:00'),(40,'Hale Hamilton','136-390-8063','2020-07-12 16:00:00'),(41,'Lemuel Ethridge','975-280-2491','2022-06-03 16:00:00'),(42,'Stanton Hennemann','635-235-9206','2011-11-17 16:00:00'),(43,'Ursala Polotti','533-161-2785','2014-08-27 16:00:00'),(44,'Hercules Hamper','585-700-0830','2022-10-05 16:00:00'),(45,'Natalina Simyson','722-785-1528','2018-03-31 16:00:00'),(46,'Amalia Appleyard','455-755-5542','2017-08-08 16:00:00'),(47,'Rudd Fronczak','938-382-0484','2019-01-12 16:00:00'),(48,'Eleonore Davidovitz','374-993-2395','2011-05-08 16:00:00'),(49,'Joete Bigland','102-226-1484','2021-10-31 16:00:00'),(50,'Hollyanne Lister','942-950-2636','2023-02-27 16:00:00'),(51,'Minny Skuse','974-328-0251','2020-06-11 16:00:00'),(52,'Stu Cuniffe','810-298-5848','2023-08-21 16:00:00'),(53,'Donavon Hannond','956-524-5001','2020-12-05 16:00:00'),(54,'Leola Binding','113-118-0382','2015-05-29 16:00:00'),(55,'Guthry Halley','198-323-5423','2015-01-10 16:00:00'),(56,'Eldredge Manneville','832-397-4124','2022-03-15 16:00:00'),(57,'Yoshiko Isley','703-676-1894','2016-08-07 16:00:00'),(58,'Allistir Rude','164-315-5585','2022-04-22 16:00:00'),(59,'Missie Rain','686-756-9192','2010-12-30 16:00:00'),(60,'Curran Scartifield','785-337-7075','2014-07-29 16:00:00'),(61,'Kingsley Stickford','573-603-1721','2016-02-26 16:00:00'),(62,'Guglielmo Felstead','905-593-6632','2024-09-05 16:00:00'),(63,'Cecil Felmingham','636-182-4571','2014-03-27 16:00:00'),(64,'Guillemette Comini','700-661-9894','2021-01-04 16:00:00'),(65,'Ly Painter','367-561-9196','2016-10-13 16:00:00'),(66,'Chandal Earl','645-731-1380','2022-09-26 16:00:00'),(67,'Culley Northbridge','992-914-0933','2010-11-04 16:00:00'),(68,'Beverlie Attack','209-298-1491','2015-06-26 16:00:00'),(69,'Jerrilee McGibbon','111-813-1715','2022-08-13 16:00:00'),(70,'Paolina Harome','761-655-6820','2016-07-28 16:00:00'),(71,'Brew Southon','490-450-4540','2018-06-23 16:00:00'),(72,'Ky Gieraths','293-978-9123','2013-01-04 16:00:00'),(73,'Hedy Lorkings','215-940-5589','2024-04-03 16:00:00'),(74,'Flint Kelland','607-883-0542','2019-04-01 16:00:00'),(75,'Nelly Allison','732-645-0440','2020-06-22 16:00:00'),(76,'Jerad Edginton','354-354-5823','2015-11-22 16:00:00'),(77,'Oswell Skerm','704-234-6004','2021-04-27 16:00:00'),(78,'Erie Weighell','466-336-6461','2019-04-06 16:00:00'),(79,'Herve Dennerly','710-416-9946','2017-03-24 16:00:00'),(80,'Kendell Ingarfill','368-573-8518','2017-09-25 16:00:00'),(81,'Flynn Lepper','676-330-8792','2010-07-08 16:00:00'),(82,'Aldus Siddle','617-412-2013','2021-09-23 16:00:00'),(83,'Rollins Tuerena','513-532-4657','2012-11-22 16:00:00'),(84,'Conni Bikker','649-386-2499','2013-02-27 16:00:00'),(85,'Averil Lockhart','804-260-9885','2024-01-21 16:00:00'),(86,'Virge Kingham','697-603-9086','2021-12-07 16:00:00'),(87,'Chere Snassell','457-812-4508','2020-02-04 16:00:00'),(88,'Suzy Hawney','167-204-7541','2024-08-20 16:00:00'),(89,'Rowland Ridder','874-116-5415','2011-07-29 16:00:00'),(90,'Goldarina Tourry','203-283-1815','2020-07-20 16:00:00'),(91,'Chevalier Pettinger','816-207-9458','2022-06-02 16:00:00'),(92,'Charley McMorland','322-953-4914','2013-03-01 16:00:00'),(93,'Brent Filewood','936-552-0944','2012-05-29 16:00:00'),(94,'Stephani Drillot','206-792-0754','2020-06-27 16:00:00'),(95,'Mose Mudie','446-739-3355','2011-07-18 16:00:00'),(96,'Orella Beldan','424-536-6804','2010-11-12 16:00:00'),(97,'Axe McKmurrie','266-598-8899','2024-04-18 16:00:00'),(98,'Traci McCraw','227-424-1523','2015-06-01 16:00:00'),(99,'Field Rembaud','384-383-3670','2011-02-23 16:00:00'),(100,'Sander Armistead','114-793-5697','2022-06-10 16:00:00'),(101,'Bernard O\'Mahoney','649-935-8404','2013-08-13 16:00:00'),(102,'Huberto Headech','973-300-1626','2021-01-15 16:00:00'),(103,'Dolley Merrall','512-633-7431','2019-12-02 16:00:00'),(104,'Val Dawdary','823-116-6746','2015-04-03 16:00:00'),(105,'Dennie Bonin','197-399-3436','2012-10-18 16:00:00'),(106,'Nola Armfirld','339-777-8243','2014-01-15 16:00:00'),(107,'Hill Broadist','986-676-0586','2017-05-27 16:00:00'),(108,'Lock Drydale','777-988-1359','2012-06-06 16:00:00'),(109,'Anthia Borghese','655-959-5745','2018-03-28 16:00:00'),(110,'Rozanne MacCague','408-136-2383','2023-12-03 16:00:00'),(111,'Archibold Paydon','333-565-5590','2015-09-17 16:00:00'),(112,'Tamqrah Mealand','281-402-7565','2016-09-25 16:00:00'),(113,'Jocko Pickance','446-485-3547','2019-11-18 16:00:00'),(114,'Niall Fiorentino','127-799-0736','2018-01-28 16:00:00'),(115,'Britteny Deveral','413-470-8057','2012-11-17 16:00:00'),(116,'Elysia Tomblin','650-721-2379','2022-08-23 16:00:00'),(117,'Nanni Edbrooke','915-648-3520','2022-05-18 16:00:00'),(118,'Aveline Cartan','620-938-2745','2017-12-10 16:00:00'),(119,'Olivier Buglar','144-586-3205','2018-06-27 16:00:00'),(120,'Alberto Panchen','687-676-6412','2013-03-03 16:00:00'),(121,'Gardie Tomasutti','893-481-1998','2022-07-23 16:00:00'),(122,'Mohandis Touret','312-497-7848','2016-09-06 16:00:00'),(123,'Catharina Pantin','811-831-7314','2024-04-27 16:00:00'),(124,'Carolan OIlier','719-279-8118','2022-01-05 16:00:00'),(125,'Jo-ann Denness','675-305-3965','2019-09-07 16:00:00'),(126,'Sybil Kinzel','610-848-0694','2017-05-25 16:00:00'),(127,'Jeffie Probin','399-866-0425','2019-02-16 16:00:00'),(128,'Doretta Mattiussi','572-193-2632','2015-03-29 16:00:00'),(129,'Evin Jess','944-562-8934','2019-04-17 16:00:00'),(130,'Grange Farrell','694-169-4767','2018-03-18 16:00:00'),(131,'Brittaney Smitham','721-246-3520','2014-09-24 16:00:00'),(132,'Drew Clear','699-491-5441','2017-06-01 16:00:00'),(133,'Delinda Solland','850-941-5309','2014-02-14 16:00:00'),(134,'Gonzalo Rosas','945-750-0237','2014-12-26 16:00:00'),(135,'Judy Duffield','615-157-3012','2021-12-26 16:00:00'),(136,'Sheba Sanney','648-294-4189','2016-01-24 16:00:00'),(137,'Verina Boig','527-651-9404','2014-08-07 16:00:00'),(138,'Susanna Sponton','978-641-2380','2014-11-28 16:00:00'),(139,'Hollie Craxford','247-167-6502','2017-01-03 16:00:00'),(140,'Wynn Adanet','646-369-2665','2017-07-09 16:00:00'),(141,'Winslow Eliasson','571-905-6934','2021-12-28 16:00:00'),(142,'Chloette Bronot','375-529-7759','2015-03-11 16:00:00'),(143,'Avie Balaison','270-650-6735','2024-10-17 16:00:00'),(144,'Rudie Saunt','850-940-8352','2015-05-01 16:00:00'),(145,'Andria Clulee','613-462-0672','2014-10-04 16:00:00'),(146,'Kandy Osmar','988-465-9800','2020-08-27 16:00:00'),(147,'Drucy Biaggioni','886-907-4068','2012-01-11 16:00:00'),(148,'Anneliese Brandi','180-132-3458','2016-06-30 16:00:00'),(149,'Ezekiel Navaro','647-916-6493','2015-08-16 16:00:00'),(150,'Lynde Keighley','402-260-9660','2016-11-21 16:00:00'),(151,'Timmi Korda','504-841-3375','2022-11-13 16:00:00'),(152,'Zorah Mabb','606-556-3113','2020-10-01 16:00:00'),(153,'Nady Currin','257-305-0138','2021-12-12 16:00:00'),(154,'Harrison Mayworth','102-871-8227','2015-03-27 16:00:00'),(155,'Sherline Jell','364-299-6499','2015-02-08 16:00:00'),(156,'John MacCook','916-300-5980','2016-06-14 16:00:00'),(157,'Tarah Nutley','518-103-4713','2012-05-19 16:00:00'),(158,'Eula Graddell','646-786-2928','2024-09-02 16:00:00'),(159,'Drona Deehan','632-731-2451','2017-01-05 16:00:00'),(160,'Valry Ind','566-696-6714','2016-09-16 16:00:00'),(161,'Trev Robathon','514-645-8205','2013-02-12 16:00:00'),(162,'Tommi Gouldbourn','914-578-4751','2016-07-14 16:00:00'),(163,'Kylila Laviste','190-136-1963','2010-03-14 16:00:00'),(164,'Franni Lidington','625-899-1510','2018-10-14 16:00:00'),(165,'Dorothea Cowland','928-191-8585','2017-05-16 16:00:00'),(166,'Royce Cloke','280-503-0408','2024-06-22 16:00:00'),(167,'Orv Adcock','298-163-7817','2012-03-19 16:00:00'),(168,'Katie McKinie','155-774-4794','2012-04-21 16:00:00'),(169,'Fidel Tenaunt','819-886-3763','2022-01-15 16:00:00'),(170,'Kevina Clemanceau','843-920-5196','2011-05-03 16:00:00'),(171,'Minny Berens','157-234-3273','2010-12-11 16:00:00'),(172,'Bibbie Marling','828-784-2439','2025-01-17 16:00:00'),(173,'Abby McGrirl','366-317-9966','2018-02-08 16:00:00'),(174,'Starlene Sellen','817-822-9254','2021-02-05 16:00:00'),(175,'Celeste Oret','893-481-2873','2023-05-10 16:00:00'),(176,'Lucian Handscomb','801-592-9029','2020-07-03 16:00:00'),(177,'Hester Barefoot','525-583-0991','2013-10-04 16:00:00'),(178,'Craig De Ath','858-503-6320','2014-06-24 16:00:00'),(179,'Sharleen Hitzke','727-739-9294','2010-06-04 16:00:00'),(180,'Constantina Marikhin','745-975-3712','2019-03-15 16:00:00'),(181,'Phedra Church','989-306-2413','2023-07-15 16:00:00'),(182,'Sharleen Bardwell','658-101-4665','2014-11-22 16:00:00'),(183,'Read Urlin','563-380-2956','2010-02-08 16:00:00'),(184,'Kathi Mival','895-298-7586','2013-08-17 16:00:00'),(185,'Aloisia Scottini','775-332-1305','2020-03-26 16:00:00'),(186,'Rodolphe Chess','975-916-1140','2016-06-11 16:00:00'),(187,'Weber Van Haeften','124-895-0038','2017-05-10 16:00:00'),(188,'Courtney Ferrant','664-371-2155','2020-12-05 16:00:00'),(189,'Joelle Hutsby','853-917-5176','2015-07-14 16:00:00'),(190,'Cameron Jannings','609-254-7141','2021-10-19 16:00:00'),(191,'Glennis Dole','522-727-6532','2010-02-28 16:00:00'),(192,'Modestia Endrighi','179-373-8933','2019-07-23 16:00:00'),(193,'Allayne Galilee','816-755-7761','2010-03-27 16:00:00'),(194,'Rebeca Halms','316-367-7465','2014-10-11 16:00:00'),(195,'Engracia Barrell','386-549-6262','2021-11-28 16:00:00'),(196,'Anderson Dackombe','208-316-0790','2020-03-11 16:00:00'),(197,'Loralee Heelis','838-868-9116','2021-10-12 16:00:00'),(198,'Chloris Baiyle','488-426-8809','2017-10-08 16:00:00'),(199,'Barth Blees','102-330-4484','2015-03-27 16:00:00'),(200,'Anatol Nitti','487-152-5649','2022-10-14 16:00:00'),(201,'Pansie Searchfield','759-902-5300','2015-10-10 16:00:00'),(202,'Pamelina Gilbey','303-734-1427','2019-11-24 16:00:00'),(203,'Skye Estable','322-696-0297','2023-04-02 16:00:00'),(204,'Alanson Yeoland','201-609-4503','2019-08-15 16:00:00'),(205,'Rhoda Allchorne','518-338-9325','2019-04-02 16:00:00'),(206,'Aimee Louca','333-218-8577','2015-06-08 16:00:00'),(207,'Nikos Woodwin','124-681-4330','2023-05-05 16:00:00'),(208,'Chick Waugh','245-569-6785','2023-06-05 16:00:00'),(209,'Theodoric Bocking','130-691-5150','2019-10-19 16:00:00'),(210,'Alena Cockayme','102-285-8407','2010-04-24 16:00:00'),(211,'Ody Higgoe','919-605-9422','2015-01-24 16:00:00'),(212,'Shaine Sporle','454-252-9500','2019-09-21 16:00:00'),(213,'Ivie Jacke','602-854-3340','2021-11-21 16:00:00'),(214,'Madlen Krabbe','317-723-7825','2018-08-24 16:00:00'),(215,'Gabi Bellini','709-565-0020','2022-09-28 16:00:00'),(216,'Patton Buy','456-282-9149','2013-05-22 16:00:00'),(217,'Abba Skala','625-522-9092','2014-09-12 16:00:00'),(218,'Audi Swales','182-633-1240','2017-10-08 16:00:00'),(219,'Kev Pogue','763-172-9232','2016-04-11 16:00:00'),(220,'Obidiah Bettison','667-502-9293','2021-01-28 16:00:00'),(221,'Abigail Yacob','293-463-3200','2019-08-22 16:00:00'),(222,'Irving Raden','690-152-2966','2012-08-08 16:00:00'),(223,'Pearla Cristoforetti','345-483-5848','2013-09-07 16:00:00'),(224,'Kayley Pimlock','271-455-8104','2012-12-07 16:00:00'),(225,'Maddalena Benito','470-152-5518','2019-11-18 16:00:00'),(226,'Maryanne Matveiko','242-371-2575','2020-05-19 16:00:00'),(227,'Jeniffer Lebbon','270-935-6391','2011-02-26 16:00:00'),(228,'Harper Challiss','427-688-7917','2014-06-05 16:00:00'),(229,'Nester Scourge','599-921-4975','2021-09-11 16:00:00'),(230,'Vanya Barzen','464-280-7933','2019-02-19 16:00:00'),(231,'Tova Flageul','939-505-5153','2023-03-07 16:00:00'),(232,'Sabra Davidge','377-469-0812','2018-07-14 16:00:00'),(233,'Dionysus Euesden','901-947-9672','2017-12-31 16:00:00'),(234,'Terry Brownsword','762-198-4360','2024-07-12 16:00:00'),(235,'Alard Edgehill','671-408-6679','2016-06-12 16:00:00'),(236,'Gilbertine Beszant','538-577-0292','2011-08-12 16:00:00'),(237,'Eadie Cordet','295-620-9916','2010-11-02 16:00:00'),(238,'Carlo Raiston','218-142-4658','2023-01-06 16:00:00'),(239,'Glynda Worlock','644-899-1495','2022-12-22 16:00:00'),(240,'Maddy Lancetter','929-613-3673','2021-07-12 16:00:00'),(241,'Sybyl Cochrane','773-811-0062','2021-09-24 16:00:00'),(242,'Thane Verissimo','669-216-3883','2019-10-19 16:00:00'),(243,'Marcel Hagard','922-858-9393','2014-10-23 16:00:00'),(244,'Matilde Marquot','316-208-3801','2020-02-17 16:00:00'),(245,'Esme Ligerton','673-531-0256','2010-02-03 16:00:00'),(246,'Emlynn Sigg','943-422-2928','2022-04-07 16:00:00'),(247,'Melania McDermott','856-309-7110','2017-01-13 16:00:00'),(248,'Dedie Izat','863-368-7195','2011-02-14 16:00:00'),(249,'Gene Piens','480-765-1115','2013-02-27 16:00:00'),(250,'Janice Zebedee','370-319-0827','2016-06-10 16:00:00'),(251,'Elicia Beecker','897-292-8329','2019-07-08 16:00:00'),(252,'Ferdy Spellicy','957-481-4525','2024-07-05 16:00:00'),(253,'Ev Imason','718-541-0047','2019-01-15 16:00:00'),(254,'Hanna Scane','772-828-8113','2013-05-23 16:00:00'),(255,'Nataniel Comins','688-690-5936','2017-03-04 16:00:00'),(256,'Biddie Gadault','707-466-3364','2014-11-14 16:00:00'),(257,'Hyacinth Rodge','994-773-6045','2014-09-03 16:00:00'),(258,'Mady Thow','956-526-0691','2021-07-27 16:00:00'),(259,'Trevor Cathro','890-884-1699','2013-11-19 16:00:00'),(260,'Iolande Frensch','502-935-2926','2013-07-30 16:00:00'),(261,'Alberik Pickwell','477-361-3498','2014-08-02 16:00:00'),(262,'Jeremias Longforth','375-127-8089','2016-11-01 16:00:00'),(263,'Olin Damp','193-868-6671','2010-10-05 16:00:00'),(264,'Earvin Yeliashev','227-154-2288','2023-04-28 16:00:00'),(265,'Susi Northall','893-408-8242','2020-11-20 16:00:00'),(266,'Des Dannett','754-210-3996','2015-07-02 16:00:00'),(267,'Dyane Corke','250-835-0271','2010-10-21 16:00:00'),(268,'Nichol Sugden','603-591-2402','2011-08-17 16:00:00'),(269,'Arvy Boller','899-407-0728','2023-03-02 16:00:00'),(270,'Quinn Le Frank','781-744-5759','2010-02-03 16:00:00'),(271,'Barret Crudgington','917-265-5901','2019-01-25 16:00:00'),(272,'Garrick Gammell','328-370-7915','2014-12-14 16:00:00'),(273,'Bree Wombwell','912-771-0630','2011-11-04 16:00:00'),(274,'Remy Castellone','928-846-7498','2011-06-20 16:00:00'),(275,'Elna Doodson','113-305-9506','2013-10-06 16:00:00'),(276,'Shelby Fearney','369-397-3364','2011-10-07 16:00:00'),(277,'Donetta Gilmartin','928-279-4854','2016-12-07 16:00:00'),(278,'Nikolaus Chugg','813-313-9159','2013-11-13 16:00:00'),(279,'Rockie Elwin','113-470-7564','2024-05-22 16:00:00'),(280,'Frances Feighney','470-980-2563','2022-10-26 16:00:00'),(281,'Gonzales Labuschagne','113-567-6757','2021-05-16 16:00:00'),(282,'Teresina Orrin','305-332-5206','2018-01-02 16:00:00'),(283,'Elicia Dounbare','918-183-7005','2019-05-15 16:00:00'),(284,'Rodger Rowbottam','952-365-9402','2015-12-12 16:00:00'),(285,'Nikolai Gaisford','709-914-6142','2010-09-06 16:00:00'),(286,'Elisha Arnholdt','499-855-6821','2023-07-06 16:00:00'),(287,'Katuscha Alexandre','439-282-8904','2021-04-18 16:00:00'),(288,'Devora Cattrell','817-460-5817','2023-07-22 16:00:00'),(289,'Terza Giocannoni','194-707-6736','2017-10-30 16:00:00'),(290,'Aubrey Fotitt','208-869-4516','2013-05-30 16:00:00'),(291,'Ashla Dandie','747-757-7651','2013-04-27 16:00:00'),(292,'Artemus Clemmey','160-178-1032','2024-11-13 16:00:00'),(293,'Bogart Djurkovic','281-556-3825','2023-02-15 16:00:00'),(294,'Carleton Lobell','269-772-2736','2012-04-18 16:00:00'),(295,'Nikolaus Pridie','598-887-4310','2021-02-21 16:00:00'),(296,'Rickey Molen','491-367-9462','2022-07-11 16:00:00'),(297,'Alf Rizzetti','353-261-8273','2023-12-08 16:00:00'),(298,'Lloyd Extance','291-794-5402','2024-10-03 16:00:00'),(299,'Tristam Renison','613-362-4239','2017-07-08 16:00:00'),(300,'Law Pauel','843-667-7046','2016-01-19 16:00:00'),(301,'Kelley Portugal','954-929-2326','2021-02-11 16:00:00'),(302,'Sandy Haig','287-594-4389','2016-12-14 16:00:00'),(303,'Margarete Vedikhov','329-504-8379','2023-01-26 16:00:00'),(304,'Karisa Musselwhite','985-628-3365','2012-10-09 16:00:00'),(305,'Muffin Gehringer','435-481-8720','2012-05-14 16:00:00'),(306,'Orelee Breukelman','384-101-9054','2024-11-02 16:00:00'),(307,'Randi Osipov','964-698-9663','2023-06-27 16:00:00'),(308,'Teriann Kibblewhite','419-793-9619','2010-03-30 16:00:00'),(309,'Daveta Anker','289-687-1948','2018-05-06 16:00:00'),(310,'Darell Willder','231-826-4009','2017-05-08 16:00:00'),(311,'Abie Fyfe','824-438-3473','2012-05-15 16:00:00'),(312,'Blondy Elland','776-154-9110','2016-03-27 16:00:00'),(313,'Gwennie McMenamin','766-355-7501','2020-02-21 16:00:00'),(314,'Gerrie Oake','841-860-7361','2024-01-12 16:00:00'),(315,'Terry Bonniface','106-774-0309','2017-01-11 16:00:00'),(316,'Yankee Blazeby','745-286-0406','2024-10-18 16:00:00'),(317,'Rudie Rowson','104-292-2633','2017-05-08 16:00:00'),(318,'Elsy Cottrill','292-960-2379','2016-08-19 16:00:00'),(319,'Merci Leindecker','244-635-8019','2012-04-23 16:00:00'),(320,'Fancie Penni','950-702-9720','2015-08-07 16:00:00'),(321,'Penny Blanshard','107-662-4140','2016-03-01 16:00:00'),(322,'Clair Michallat','431-962-5927','2020-06-12 16:00:00'),(323,'Kendell Osgar','689-525-0138','2024-10-03 16:00:00'),(324,'Blakelee Hale','201-897-5440','2020-10-25 16:00:00'),(325,'Travus Aumerle','551-235-5019','2021-02-10 16:00:00'),(326,'Conni Weatherley','112-297-9237','2015-11-17 16:00:00'),(327,'Ward Dovington','699-457-1238','2021-04-01 16:00:00'),(328,'Ted Lackeye','272-702-3822','2016-07-29 16:00:00'),(329,'Murial Tuck','546-251-6831','2020-03-08 16:00:00'),(330,'Gizela Vickars','994-109-7516','2010-01-08 16:00:00'),(331,'Jenn Helix','832-278-8704','2012-10-29 16:00:00'),(332,'Marrilee Crystal','164-686-7627','2018-07-26 16:00:00'),(333,'Xena Peterffy','282-504-7694','2010-10-16 16:00:00'),(334,'Mal Donhardt','660-485-6954','2014-03-22 16:00:00'),(335,'Helaina Glauber','997-594-7568','2016-05-10 16:00:00'),(336,'Hanan Eck','274-238-1859','2013-01-02 16:00:00'),(337,'Henrieta Ridolfo','686-582-1822','2011-09-27 16:00:00'),(338,'Dougy Ottawell','227-444-6425','2013-04-24 16:00:00'),(339,'Sue Stranieri','848-882-0552','2016-12-07 16:00:00'),(340,'Tod Dodell','259-650-1142','2021-06-12 16:00:00'),(341,'Marrilee Callway','198-977-8444','2015-03-27 16:00:00'),(342,'Hallsy Hablet','129-400-9029','2022-07-03 16:00:00'),(343,'Cherish Drohun','227-308-4297','2014-11-08 16:00:00'),(344,'Tedman D\'Errico','401-404-3368','2022-08-10 16:00:00'),(345,'Ronald Jaquet','337-693-9446','2019-01-14 16:00:00'),(346,'Ross MacAne','108-724-2652','2019-02-17 16:00:00'),(347,'Claude Towll','769-658-1631','2019-07-30 16:00:00'),(348,'Sophi Wicher','361-153-6403','2020-05-10 16:00:00'),(349,'Abigael Bushnell','146-252-4522','2017-08-14 16:00:00'),(350,'Paddie Rostron','134-597-6006','2024-07-29 16:00:00'),(351,'Marisa Buckbee','715-910-9935','2016-09-15 16:00:00'),(352,'Nobie Narraway','691-220-6809','2018-12-04 16:00:00'),(353,'Lira Luxford','698-661-9638','2011-01-30 16:00:00'),(354,'Bernard Springtorp','116-926-9202','2016-06-12 16:00:00'),(355,'Matilda Gritten','804-425-4700','2023-03-21 16:00:00'),(356,'Izabel McClenaghan','532-201-3031','2024-11-30 16:00:00'),(357,'Jillie Heinrici','545-627-3913','2019-12-04 16:00:00'),(358,'Bambie Rice','222-398-5979','2022-01-09 16:00:00'),(359,'Sarah Howatt','257-981-8840','2012-05-30 16:00:00'),(360,'Ardis MacAless','995-404-7675','2022-10-09 16:00:00'),(361,'Elie Petri','576-616-4692','2020-07-12 16:00:00'),(362,'Margareta Guye','963-172-1034','2021-12-24 16:00:00'),(363,'Frankie Rennebeck','575-339-0502','2015-01-18 16:00:00'),(364,'Emanuel Gascoigne','302-110-6376','2022-04-12 16:00:00'),(365,'Pacorro Montford','634-964-8003','2012-07-26 16:00:00'),(366,'Chantalle Bugby','212-632-3729','2021-01-15 16:00:00'),(367,'Waverly Gavan','303-423-2129','2022-01-04 16:00:00'),(368,'Adey Fitzsimmons','250-746-1156','2014-07-28 16:00:00'),(369,'Virginia Ericsson','308-393-1908','2019-02-18 16:00:00'),(370,'Townsend McBlain','916-104-6320','2011-12-24 16:00:00'),(371,'Jacquelyn Berens','540-505-8864','2014-05-04 16:00:00'),(372,'Maryanne Priditt','297-776-9196','2022-03-18 16:00:00'),(373,'Robby Nevin','220-304-0434','2016-04-11 16:00:00'),(374,'Kalina Trimming','497-764-6493','2012-07-27 16:00:00'),(375,'Tiffanie Ewbach','346-253-2665','2015-05-16 16:00:00'),(376,'Eilis Snassell','145-797-1502','2016-10-25 16:00:00'),(377,'Addia Spuner','315-340-0832','2015-10-22 16:00:00'),(378,'Guenna Matityahu','605-461-8395','2023-04-16 16:00:00'),(379,'Mellicent Trittam','645-403-6208','2011-02-13 16:00:00'),(380,'Tiffany Blamire','448-511-4987','2014-04-20 16:00:00'),(381,'Frederigo Madigan','509-271-2106','2017-01-20 16:00:00'),(382,'Symon Sheen','328-300-5601','2015-07-01 16:00:00'),(383,'Stevana Darch','905-739-0218','2014-08-08 16:00:00'),(384,'Lazar Ghent','162-466-3857','2022-01-26 16:00:00'),(385,'Kerby Dutchburn','177-367-2249','2015-11-09 16:00:00'),(386,'Hale Barthropp','477-284-1794','2017-03-15 16:00:00'),(387,'Felic Stert','669-651-1982','2014-10-30 16:00:00'),(388,'Kienan Raffles','709-541-9627','2011-12-01 16:00:00'),(389,'Vale Revie','514-237-3779','2013-03-29 16:00:00'),(390,'Hestia Joontjes','625-293-0016','2022-04-16 16:00:00'),(391,'Irena Bernardoni','208-926-5526','2017-12-31 16:00:00'),(392,'Rollin D\'orsay','777-744-7724','2013-07-08 16:00:00'),(393,'Alaster Palek','676-225-0424','2021-05-03 16:00:00'),(394,'Jarrett Bonde','297-872-4867','2011-01-01 16:00:00'),(395,'Ethel Pirie','632-416-8767','2013-06-16 16:00:00'),(396,'Rolph Beese','653-709-8803','2024-05-02 16:00:00'),(397,'Alaster Biswell','595-580-2144','2014-03-21 16:00:00'),(398,'Grange Schlag','561-513-1286','2016-04-30 16:00:00'),(399,'Jenna Kensington','654-286-2591','2012-09-26 16:00:00'),(400,'Owen Ubsdale','354-939-1218','2012-11-22 16:00:00'),(401,'Lissa Talloe','771-263-1483','2019-07-08 16:00:00'),(402,'Lind Hofner','468-374-1540','2017-01-16 16:00:00'),(403,'Blythe Ricarde','680-119-9744','2021-02-28 16:00:00'),(404,'Melessa Fane','241-107-1086','2023-08-18 16:00:00'),(405,'Henrik MacCulloch','595-224-7954','2021-08-14 16:00:00'),(406,'Idette Juckes','132-397-9273','2019-09-17 16:00:00'),(407,'Amelina Riggs','201-169-5150','2023-04-05 16:00:00'),(408,'Devy Rawle','189-615-2491','2020-06-15 16:00:00'),(409,'Kaleb Benbrick','410-451-7578','2016-01-01 16:00:00'),(410,'Zsa zsa Hammett','540-646-8584','2015-06-23 16:00:00'),(411,'Ferguson Janowicz','680-297-3797','2023-12-26 16:00:00'),(412,'Kipp Renouf','525-193-6314','2024-03-02 16:00:00'),(413,'Willy Gask','665-376-9665','2014-04-27 16:00:00'),(414,'Joeann Kulicke','896-935-5022','2017-12-07 16:00:00'),(415,'Tami Slowcock','878-369-4425','2021-12-10 16:00:00'),(416,'Haroun Mosby','271-519-2493','2018-02-26 16:00:00'),(417,'Vonnie Vinecombe','901-706-6172','2023-12-12 16:00:00'),(418,'Brigham Tomankiewicz','393-853-6363','2024-09-26 16:00:00'),(419,'Rosabella Duckerin','266-483-9036','2021-09-03 16:00:00'),(420,'Claudian Oattes','747-213-0687','2016-12-14 16:00:00'),(421,'Ugo Chatt','633-156-4387','2020-12-23 16:00:00'),(422,'Roddy Lade','356-629-8477','2015-03-13 16:00:00'),(423,'Nora McNysche','903-126-2926','2017-09-12 16:00:00'),(424,'Maurizia Holdey','918-901-1327','2013-05-22 16:00:00'),(425,'Roy Lovering','424-100-4498','2011-09-08 16:00:00'),(426,'Mindy Busson','904-164-2781','2020-01-01 16:00:00'),(427,'Dexter Womersley','124-723-5009','2019-03-29 16:00:00'),(428,'Jeth Woollcott','430-475-1102','2018-03-29 16:00:00'),(429,'Kendal Ferraraccio','688-583-0451','2015-09-25 16:00:00'),(430,'Demeter Gioani','910-632-2478','2018-09-25 16:00:00'),(431,'Nessa Ollander','992-307-9985','2023-10-14 16:00:00'),(432,'Nissa Colquite','637-303-7714','2010-11-16 16:00:00'),(433,'Mamie Hirche','418-254-5203','2019-09-01 16:00:00'),(434,'Moina Leavry','184-996-0647','2017-07-06 16:00:00'),(435,'Teena Glennon','990-155-0740','2024-02-22 16:00:00'),(436,'Miquela Rentoll','158-619-6278','2021-07-10 16:00:00'),(437,'Harris Bartol','639-804-6328','2018-11-19 16:00:00'),(438,'Dal Tuxsell','459-490-2029','2014-04-03 16:00:00'),(439,'Myriam Baish','821-481-2543','2015-11-01 16:00:00'),(440,'Fredelia Klimkin','842-382-9769','2019-08-01 16:00:00'),(441,'Lind Ramsdale','469-495-0710','2017-06-13 16:00:00'),(442,'Marena Dow','393-826-9219','2014-01-04 16:00:00'),(443,'Dion Cumming','505-554-5375','2022-03-14 16:00:00'),(444,'Gavin Donisthorpe','495-908-5949','2020-01-30 16:00:00'),(445,'Daren Lyndon','567-327-5241','2012-02-26 16:00:00'),(446,'Wilhelmina Posnett','223-588-1507','2017-08-01 16:00:00'),(447,'Audy Irving','294-713-1421','2015-11-29 16:00:00'),(448,'Ring Sullly','377-683-0683','2022-03-17 16:00:00'),(449,'Maxwell Hawsby','753-590-7149','2021-02-11 16:00:00'),(450,'Kennett Hegerty','884-338-5038','2015-05-11 16:00:00'),(451,'Zacharie Rickford','841-752-8839','2019-09-28 16:00:00'),(452,'Alexandros Diemer','390-612-8324','2021-12-05 16:00:00'),(453,'Heddie Huckfield','118-195-8711','2014-06-29 16:00:00'),(454,'Nadeen Kleen','815-643-2044','2010-12-17 16:00:00'),(455,'Wynnie Chittem','960-103-0725','2023-08-06 16:00:00'),(456,'Merrel Spillard','956-878-3493','2014-05-01 16:00:00'),(457,'Freedman Sargeaunt','419-291-6950','2020-09-04 16:00:00'),(458,'Garv Molden','910-729-9692','2011-02-27 16:00:00'),(459,'Moises Camilletti','605-558-8324','2019-01-21 16:00:00'),(460,'Klarrisa O\'Cannan','556-824-8572','2016-01-25 16:00:00'),(461,'Melisent Kuhndel','180-489-6301','2012-03-19 16:00:00'),(462,'Maryl Parchment','807-870-5049','2020-05-05 16:00:00'),(463,'Woodrow Fedorski','238-799-3104','2011-04-23 16:00:00'),(464,'Lorri Berg','441-433-1966','2024-07-30 16:00:00'),(465,'Lanie Grahamslaw','445-131-9146','2024-09-29 16:00:00'),(466,'Hugh Itzhayek','404-639-8968','2016-06-13 16:00:00'),(467,'Daniela Idle','534-269-8593','2020-03-01 16:00:00'),(468,'Bird Speck','496-493-7585','2022-04-13 16:00:00'),(469,'Hollie Endrighi','937-224-0847','2015-01-02 16:00:00'),(470,'Danyelle Orry','626-295-3996','2021-12-13 16:00:00'),(471,'Adrianna Pittman','722-963-9028','2018-04-27 16:00:00'),(472,'Oran Burkhill','288-384-9026','2016-04-17 16:00:00'),(473,'Lee Wimes','259-206-7711','2022-09-29 16:00:00'),(474,'Balduin Simnell','202-250-5397','2011-09-12 16:00:00'),(475,'Maurie Jirasek','650-686-6609','2023-01-16 16:00:00'),(476,'Elle Feldklein','605-673-1023','2015-12-30 16:00:00'),(477,'Susan Presnell','282-340-9475','2024-08-09 16:00:00'),(478,'Bunnie Moralee','226-957-9271','2021-11-21 16:00:00'),(479,'Bevan Churm','517-759-5043','2010-12-21 16:00:00'),(480,'Stevena Longhirst','382-694-8121','2024-06-22 16:00:00'),(481,'Robby Tawn','708-212-1805','2020-12-13 16:00:00'),(482,'Ladonna Hinchon','331-781-2239','2019-02-07 16:00:00'),(483,'Hilary Thuillier','450-810-1801','2023-11-25 16:00:00'),(484,'Reg Cockerill','958-656-0686','2021-01-01 16:00:00'),(485,'Ranee Pozzi','505-888-1003','2017-12-15 16:00:00'),(486,'Carmita Penketh','768-993-9663','2023-11-30 16:00:00'),(487,'Linnie Worster','459-999-7602','2021-03-08 16:00:00'),(488,'Emyle Trenbey','862-919-7851','2015-11-25 16:00:00'),(489,'Trixie Dalli','320-418-5875','2019-02-28 16:00:00'),(490,'Shaughn Bartrap','975-374-0844','2022-09-04 16:00:00'),(491,'Petunia Channer','886-361-3990','2017-10-31 16:00:00'),(492,'Kerrill Ferrone','128-474-7160','2012-11-14 16:00:00'),(493,'Bayard Benwell','851-640-3400','2024-11-28 16:00:00'),(494,'Shayne Bearns','128-904-5516','2011-03-26 16:00:00'),(495,'Roseanne Cain','652-813-3588','2022-07-19 16:00:00'),(496,'Birgitta Hughes','521-281-0352','2020-10-22 16:00:00'),(497,'Devinne Wootton','978-896-4522','2013-02-25 16:00:00'),(498,'Frankie Conn','477-795-7428','2021-11-28 16:00:00'),(499,'Barnard Lunam','839-729-1021','2024-06-26 16:00:00'),(500,'Abbey Harcourt','497-366-3301','2023-03-27 16:00:00'),(501,'Paulie Badini','334-454-1010','2016-05-11 16:00:00'),(502,'Perkin Davidi','346-239-0879','2015-10-14 16:00:00'),(503,'Ashlen Manneville','626-465-7070','2012-04-22 16:00:00'),(504,'Boone Cowderay','450-622-5820','2025-01-05 16:00:00'),(505,'Tymothy Claybourn','353-226-8261','2020-12-29 16:00:00'),(506,'Keeley Knowler','880-266-1778','2024-07-02 16:00:00'),(507,'Hamel Dimeloe','699-881-8533','2023-11-23 16:00:00'),(508,'Alley Vigus','373-950-2155','2015-12-08 16:00:00'),(509,'Collin Androsik','847-289-8451','2013-05-26 16:00:00'),(510,'Jordanna Niezen','954-163-9321','2019-02-08 16:00:00'),(511,'Aggy Gate','564-746-5871','2015-08-11 16:00:00'),(512,'Susette Rappa','871-408-2383','2022-07-24 16:00:00'),(513,'Vivienne Ruddin','661-718-1300','2012-12-07 16:00:00'),(514,'Mariska Postill','157-553-3568','2013-04-08 16:00:00'),(515,'Ynez Grindle','887-760-8922','2018-01-29 16:00:00'),(516,'Mirabella Issitt','521-402-3568','2019-09-17 16:00:00'),(517,'Abran Vasilik','172-111-3850','2015-10-28 16:00:00'),(518,'Xylia Potzold','494-171-7228','2021-05-03 16:00:00'),(519,'Livy Poulett','435-957-3457','2011-05-15 16:00:00'),(520,'Bertine Hartnup','824-326-0630','2013-09-08 16:00:00'),(521,'Rolfe Sherwen','504-327-4001','2019-02-20 16:00:00'),(522,'Torey Edgworth','308-477-2989','2014-07-15 16:00:00'),(523,'Dorise Blackader','817-621-5265','2012-08-19 16:00:00'),(524,'Adelind Alesin','461-292-2914','2011-03-02 16:00:00'),(525,'Tilda Jacomb','956-385-6457','2019-03-23 16:00:00'),(526,'Farah Kinder','258-284-3099','2022-01-29 16:00:00'),(527,'Brinn Union','606-700-5565','2021-01-06 16:00:00'),(528,'Carley Gebb','504-184-0403','2022-11-23 16:00:00'),(529,'Allayne Bulfoot','151-206-9383','2022-12-06 16:00:00'),(530,'Candi Binyon','865-911-0531','2012-03-06 16:00:00'),(531,'Lorie Fone','492-983-5905','2011-07-16 16:00:00'),(532,'Ingemar Moakler','906-619-6450','2016-03-06 16:00:00'),(533,'Steve Giraudat','196-614-9895','2017-04-13 16:00:00'),(534,'Jesselyn Kovelmann','274-719-8420','2024-01-27 16:00:00'),(535,'Kevan Bogie','742-445-3024','2011-08-03 16:00:00'),(536,'Remus Mariner','525-418-7620','2016-03-26 16:00:00'),(537,'Sherie Inkles','451-169-6688','2024-03-27 16:00:00'),(538,'Cindie Fleote','220-146-2034','2023-09-28 16:00:00'),(539,'Alex Conor','731-816-7144','2011-10-07 16:00:00'),(540,'Halette Please','825-246-3125','2014-02-14 16:00:00'),(541,'Erv Lawton','813-773-8653','2010-12-02 16:00:00'),(542,'Rhodie O\'Spellissey','694-482-2630','2024-04-10 16:00:00'),(543,'Rene Reen','832-940-1777','2011-11-06 16:00:00'),(544,'Dew Beahan','795-499-0332','2018-12-01 16:00:00'),(545,'Norry Goodhew','665-730-6458','2021-08-12 16:00:00'),(546,'Jaimie Kilbey','740-412-5021','2011-02-09 16:00:00'),(547,'Olivero Arzu','153-691-1657','2012-02-05 16:00:00'),(548,'Ilysa Corris','291-805-7652','2011-11-13 16:00:00'),(549,'Shelia Guerrier','294-194-4522','2011-02-08 16:00:00'),(550,'Pandora Woolstenholmes','466-488-9329','2023-07-24 16:00:00'),(551,'Joceline Everleigh','806-427-0173','2011-10-18 16:00:00'),(552,'Cindie Warde','629-183-5160','2013-05-11 16:00:00'),(553,'Martha Bullerwell','851-338-6231','2015-10-24 16:00:00'),(554,'Robbin enzley','654-771-4255','2016-03-13 16:00:00'),(555,'Alisha Pendlenton','815-624-3353','2011-08-16 16:00:00'),(556,'Marcella Setter','632-603-7409','2020-09-08 16:00:00'),(557,'Ernest Fosten','599-177-5256','2022-04-02 16:00:00'),(558,'Alla Kippins','969-565-6068','2024-10-06 16:00:00'),(559,'Sheffy Cello','165-288-5304','2023-03-19 16:00:00'),(560,'Lisabeth Craster','243-901-9186','2023-07-28 16:00:00'),(561,'Salaidh Ancliffe','623-216-8928','2021-06-05 16:00:00'),(562,'Hewie Smoughton','831-397-2325','2012-06-23 16:00:00'),(563,'Gwenette Kleinpeltz','539-769-7547','2019-07-02 16:00:00'),(564,'Kincaid Arkcoll','355-776-3257','2013-05-02 16:00:00'),(565,'Levin Leyes','945-911-4459','2022-11-07 16:00:00'),(566,'Perkin Denk','532-909-2816','2017-05-25 16:00:00'),(567,'Bonnie Eisenberg','873-794-5069','2016-05-27 16:00:00'),(568,'Rebe Josephy','875-677-6826','2012-09-10 16:00:00'),(569,'Philbert Gumery','681-260-1297','2019-11-02 16:00:00'),(570,'Cassie Braunthal','302-408-7595','2023-07-12 16:00:00'),(571,'Lettie Parkyns','746-147-4052','2021-01-27 16:00:00'),(572,'Niko Fratson','464-622-2425','2017-02-06 16:00:00'),(573,'Adelaide Gennrich','609-344-2616','2017-03-17 16:00:00'),(574,'Nell Faber','610-689-3270','2019-02-03 16:00:00'),(575,'Brynna Pledge','431-956-5152','2023-05-14 16:00:00'),(576,'Callie Claringbold','436-971-2598','2010-02-08 16:00:00'),(577,'Bent Forrester','640-651-0559','2017-04-09 16:00:00'),(578,'Maryellen Wilne','595-512-7989','2022-08-28 16:00:00'),(579,'Garrard Mulhall','876-279-3654','2023-03-23 16:00:00'),(580,'Chlo Senecaux','778-190-7759','2011-01-07 16:00:00'),(581,'Melodie Touzey','974-945-8935','2012-09-13 16:00:00'),(582,'Deeyn Hunnywell','892-958-9064','2012-08-29 16:00:00'),(583,'Leroi Iacomettii','318-591-5041','2022-09-22 16:00:00'),(584,'Giffer Payze','694-764-9394','2023-08-21 16:00:00'),(585,'Trever Rushworth','506-812-1921','2020-10-29 16:00:00'),(586,'Vito Thynn','412-860-2026','2018-10-17 16:00:00'),(587,'Helena Batch','634-890-5376','2022-02-10 16:00:00'),(588,'Gene Basezzi','501-163-7096','2015-10-26 16:00:00'),(589,'Alleen Hayth','206-619-3246','2011-06-01 16:00:00'),(590,'Paulette Zebedee','625-217-6119','2017-11-25 16:00:00'),(591,'Elia Summerskill','730-696-0509','2021-04-27 16:00:00'),(592,'Elia Shillitto','374-979-3166','2011-06-27 16:00:00'),(593,'Riannon Effemy','344-381-5941','2016-12-18 16:00:00'),(594,'Vail Jozefczak','640-100-1014','2012-01-03 16:00:00'),(595,'Ernest Kenderdine','679-678-8419','2020-12-18 16:00:00'),(596,'Townie Ambrosi','601-260-7424','2011-03-19 16:00:00'),(597,'Matthieu Fewkes','267-558-7433','2019-11-20 16:00:00'),(598,'Ramon Biggadike','631-213-9280','2011-06-29 16:00:00'),(599,'Danny Danson','827-884-4922','2014-03-07 16:00:00'),(600,'Weylin Emeline','919-267-3158','2019-06-26 16:00:00'),(601,'Drusilla Curtain','263-117-9047','2014-02-26 16:00:00'),(602,'Corny Pigny','606-258-7140','2017-02-21 16:00:00'),(603,'Adorne Hubeaux','271-849-6774','2017-01-22 16:00:00'),(604,'Phillida Ferenczy','914-891-3614','2016-08-15 16:00:00'),(605,'Ax Hazard','619-933-2643','2014-06-24 16:00:00'),(606,'Wadsworth Bescoby','751-825-6338','2011-05-10 16:00:00'),(607,'Elijah Swinburne','172-732-9661','2015-04-13 16:00:00'),(608,'Abbe Silverthorn','175-293-3370','2010-01-02 16:00:00'),(609,'Alyssa Wybrow','601-184-2062','2011-07-09 16:00:00'),(610,'Julieta Coll','141-163-1364','2020-11-06 16:00:00'),(611,'Donica Featherby','294-266-1161','2017-01-22 16:00:00'),(612,'Daryn Pingston','263-627-1588','2013-12-08 16:00:00'),(613,'Leroy Connerly','700-870-0383','2015-10-08 16:00:00'),(614,'Polly Rubens','141-360-8726','2017-09-13 16:00:00'),(615,'Ted McCord','139-360-8069','2023-10-03 16:00:00'),(616,'Karolina Andryszczak','694-746-1362','2018-08-14 16:00:00'),(617,'Norine Zoppo','107-550-6363','2012-08-13 16:00:00'),(618,'Renata Dukes','365-180-7705','2021-11-18 16:00:00'),(619,'Marline Robardet','426-613-5455','2023-12-30 16:00:00'),(620,'Lilly Faustian','402-904-0149','2010-07-07 16:00:00'),(621,'Fernande Dahlen','410-838-8425','2024-06-13 16:00:00'),(622,'Florri Genty','863-744-4622','2013-02-08 16:00:00'),(623,'Pattie Phifer','256-597-4199','2013-12-02 16:00:00'),(624,'Sylvia Suffe','538-788-3073','2011-01-10 16:00:00'),(625,'Farly Jocic','174-183-1872','2012-02-20 16:00:00'),(626,'Bran Yerrell','188-584-3676','2018-10-06 16:00:00'),(627,'Budd Redmore','926-475-8586','2016-08-18 16:00:00'),(628,'Drusilla Cadagan','643-655-9242','2015-04-11 16:00:00'),(629,'Fae Deschelle','482-990-3259','2012-09-19 16:00:00'),(630,'Jonis Sherwin','497-251-9980','2011-01-03 16:00:00'),(631,'Ortensia Reede','718-854-2241','2015-05-16 16:00:00'),(632,'Lemar Bernardeschi','318-951-3660','2022-03-13 16:00:00'),(633,'Torrin Ernshaw','202-152-9872','2020-11-02 16:00:00'),(634,'Elmer Eagger','115-674-4555','2019-03-09 16:00:00'),(635,'Tamiko Klamman','916-190-7957','2016-05-05 16:00:00'),(636,'Janela Malone','530-314-9878','2014-09-27 16:00:00'),(637,'Petronella Bensen','394-412-3735','2014-09-13 16:00:00'),(638,'Zuzana Mendenhall','656-730-4654','2021-08-17 16:00:00'),(639,'Vyky Trehearn','405-815-2024','2021-11-12 16:00:00'),(640,'Welbie Fulham','903-989-1240','2014-08-31 16:00:00'),(641,'Blancha Demare','998-373-8138','2017-04-14 16:00:00'),(642,'Tiler Barley','625-849-1845','2022-09-30 16:00:00'),(643,'Merridie Gamon','543-321-9488','2012-12-07 16:00:00'),(644,'Georgine Kleinert','378-716-2972','2016-06-08 16:00:00'),(645,'Brett Pymm','513-419-7052','2013-08-28 16:00:00'),(646,'Hallie Hucquart','578-586-7018','2011-05-25 16:00:00'),(647,'Beniamino Botte','219-978-0625','2017-08-21 16:00:00'),(648,'Nesta Rumble','557-139-9223','2011-04-15 16:00:00'),(649,'Mabelle Belk','562-169-8922','2016-09-19 16:00:00'),(650,'Xylina Kimble','688-194-8860','2022-08-28 16:00:00'),(651,'Xymenes Mayoh','802-337-6512','2012-03-23 16:00:00'),(652,'Theodor Grissett','632-185-7664','2023-02-27 16:00:00'),(653,'Sheeree Silk','664-215-2492','2024-01-08 16:00:00'),(654,'Salomon Large','561-851-8455','2019-09-04 16:00:00'),(655,'Cash Splevins','681-357-3888','2019-05-29 16:00:00'),(656,'Isacco Bessett','310-716-6842','2015-06-10 16:00:00'),(657,'Alverta Upshall','425-794-0097','2022-03-18 16:00:00'),(658,'Vanessa Studde','224-390-8411','2024-10-15 16:00:00'),(659,'Christiana Bawdon','313-956-7052','2015-12-26 16:00:00'),(660,'Roxine Addison','539-686-5298','2018-07-04 16:00:00'),(661,'Fanechka Cranstone','547-176-8924','2023-02-28 16:00:00'),(662,'Aldin Collibear','545-197-4805','2015-07-15 16:00:00'),(663,'Gertrudis Hadlee','105-596-4043','2024-01-17 16:00:00'),(664,'Lorrie Wormleighton','374-670-2205','2012-10-19 16:00:00'),(665,'Giorgia Tummasutti','890-341-8650','2012-07-01 16:00:00'),(666,'Neda Canfer','427-394-2595','2016-02-25 16:00:00'),(667,'Zeke Patington','755-131-6604','2018-09-23 16:00:00'),(668,'Frazer Lamasna','391-183-0556','2014-09-10 16:00:00'),(669,'Sylvia Gritten','656-970-6082','2017-08-08 16:00:00'),(670,'Annice Coveney','730-213-6056','2018-06-04 16:00:00'),(671,'Hobie Bridie','276-443-6933','2010-01-14 16:00:00'),(672,'Ariella Cavet','415-580-5209','2011-09-08 16:00:00'),(673,'Lolita Lepick','966-947-4336','2013-04-01 16:00:00'),(674,'Jessy Matantsev','140-915-2241','2024-07-02 16:00:00'),(675,'Claudie McCormick','609-237-6994','2014-07-01 16:00:00'),(676,'Noel Buttfield','980-656-6693','2017-10-23 16:00:00'),(677,'Byrann Sylett','505-971-6620','2012-01-21 16:00:00'),(678,'Ruben Breukelman','465-388-2346','2011-08-04 16:00:00'),(679,'Tamera Lapthorne','440-802-7735','2024-10-12 16:00:00'),(680,'Kristoforo Duthie','900-671-5739','2022-09-09 16:00:00'),(681,'Torey Rivelon','218-824-6112','2014-08-22 16:00:00'),(682,'Calla Foxwell','429-669-8814','2011-04-17 16:00:00'),(683,'Peg Penvarne','202-362-8707','2011-09-02 16:00:00'),(684,'Vallie MacAlinden','385-852-3389','2015-06-23 16:00:00'),(685,'Weber Mytton','212-733-3704','2021-11-29 16:00:00'),(686,'Devlen Glenwright','964-446-6736','2010-01-16 16:00:00'),(687,'Upton McGeagh','382-295-7045','2024-07-14 16:00:00'),(688,'Tandie Streater','663-178-3507','2024-06-15 16:00:00'),(689,'Joelie Stenner','160-856-9830','2017-10-24 16:00:00'),(690,'Wilhelmine Passmore','349-160-9183','2016-04-17 16:00:00'),(691,'Zebadiah Morston','131-201-3088','2023-08-10 16:00:00'),(692,'Kerri Peto','717-410-2303','2013-03-23 16:00:00'),(693,'Asia Davidovici','384-296-7445','2020-09-14 16:00:00'),(694,'Lilly Fruen','354-733-7109','2018-07-11 16:00:00'),(695,'Brett Goundry','701-248-3677','2016-01-24 16:00:00'),(696,'Jimmie Pettyfer','692-719-7495','2013-03-14 16:00:00'),(697,'Jennette Skully','442-194-7847','2012-02-06 16:00:00'),(698,'Meris Keenlayside','679-514-0920','2024-05-02 16:00:00'),(699,'Wylma Robarts','966-536-5217','2019-08-17 16:00:00'),(700,'David Tournay','130-600-7546','2024-04-14 16:00:00'),(701,'Bartholomeo Rudyard','651-880-2694','2016-03-10 16:00:00'),(702,'Leodora Quiddington','579-189-2817','2011-11-24 16:00:00'),(703,'Timothee Hysom','108-754-4087','2019-04-13 16:00:00'),(704,'Maryann Narey','834-652-8835','2021-05-08 16:00:00'),(705,'Jessalyn Beechcraft','409-881-2621','2013-03-10 16:00:00'),(706,'Walker Creboe','720-196-3201','2023-01-25 16:00:00'),(707,'Jake Mathieson','798-427-7457','2015-05-30 16:00:00'),(708,'Germayne Inglefield','649-504-2879','2016-08-28 16:00:00'),(709,'Tyler Pruckner','299-956-3062','2023-10-21 16:00:00'),(710,'Trumaine Renac','306-708-4793','2019-11-29 16:00:00'),(711,'Mellicent Sigmund','928-702-6846','2024-03-11 16:00:00'),(712,'Roch Boother','511-228-5043','2021-06-01 16:00:00'),(713,'Bernardine Keary','655-833-6444','2017-07-27 16:00:00'),(714,'Ardeen Grinston','662-498-3138','2023-09-08 16:00:00'),(715,'Marna Boynes','447-408-5488','2010-07-01 16:00:00'),(716,'Jacquelyn Glasgow','734-826-9141','2019-10-26 16:00:00'),(717,'Arel Wonter','206-812-8657','2020-12-09 16:00:00'),(718,'Constantia Amyes','274-573-8516','2020-07-25 16:00:00'),(719,'Kellie Dootson','790-126-1196','2011-04-29 16:00:00'),(720,'Celle Haeslier','873-341-2949','2012-07-17 16:00:00'),(721,'Gillan Acland','283-955-9434','2015-06-24 16:00:00'),(722,'Kendricks Bravington','943-439-9522','2014-02-28 16:00:00'),(723,'Devlin Surmeyer','661-409-4668','2016-04-12 16:00:00'),(724,'Tawnya McGinty','971-128-6275','2014-10-22 16:00:00'),(725,'Abraham Heart','670-328-7529','2012-06-30 16:00:00'),(726,'Marcelia Janway','857-354-3198','2022-02-28 16:00:00'),(727,'Ingrid Mazonowicz','902-780-3586','2016-08-09 16:00:00'),(728,'Aubree Crocetti','177-887-4510','2012-10-08 16:00:00'),(729,'Eada Cawthra','655-555-2014','2011-03-27 16:00:00'),(730,'Kenyon Fechnie','130-777-7580','2015-12-08 16:00:00'),(731,'Cammy Stirrup','580-259-5899','2013-02-08 16:00:00'),(732,'Michaela Wagner','636-316-2586','2020-08-14 16:00:00'),(733,'Ransom Haukey','510-308-4162','2019-06-20 16:00:00'),(734,'Earl Seathwright','224-488-7044','2023-01-18 16:00:00'),(735,'Ernst Marrett','898-239-5378','2023-06-18 16:00:00'),(736,'Constantine Clixby','167-555-8431','2021-07-01 16:00:00'),(737,'Mile Maypowder','843-321-0990','2019-01-09 16:00:00'),(738,'Salome Esterbrook','553-641-9436','2023-11-05 16:00:00'),(739,'Piper Smithen','724-219-5062','2017-12-04 16:00:00'),(740,'Viviyan Shailer','576-845-9451','2021-05-21 16:00:00'),(741,'Barnabas O\'Shields','715-971-8922','2024-08-08 16:00:00'),(742,'Benedicto Mastrantone','309-135-8428','2016-04-30 16:00:00'),(743,'See Charte','455-709-7757','2018-04-17 16:00:00'),(744,'Suzanna Boame','481-818-3391','2016-06-27 16:00:00'),(745,'Melody Barltrop','144-187-3903','2022-08-31 16:00:00'),(746,'Dulcy Ramsted','469-115-3453','2019-05-20 16:00:00'),(747,'Nari Kynan','945-801-4507','2024-08-07 16:00:00'),(748,'Lorita Kenningham','946-740-6335','2021-08-13 16:00:00'),(749,'Padgett Schrir','698-547-0977','2016-05-06 16:00:00'),(750,'Kimberley Taysbil','538-639-4567','2021-10-15 16:00:00'),(751,'Guthrie Balcombe','348-570-3297','2022-09-17 16:00:00'),(752,'Lindy Iwaszkiewicz','309-127-7640','2012-12-05 16:00:00'),(753,'Suzi Durning','996-822-3827','2018-03-08 16:00:00'),(754,'Candi Weare','183-314-3255','2012-01-01 16:00:00'),(755,'Neddy Gabotti','247-599-9924','2015-01-15 16:00:00'),(756,'Imojean Ibbett','996-837-7838','2013-08-25 16:00:00'),(757,'Mathe Ferrer','173-478-0427','2011-10-11 16:00:00'),(758,'Isa Tuiller','536-654-6677','2017-06-19 16:00:00'),(759,'Mandi Seebright','121-754-2110','2014-09-19 16:00:00'),(760,'Geralda Kennealy','910-868-8786','2018-02-05 16:00:00'),(761,'Beryl Lincoln','325-985-4269','2016-12-10 16:00:00'),(762,'Virge Batty','628-196-4695','2024-04-07 16:00:00'),(763,'Fitzgerald Zimmermanns','327-229-6670','2012-12-11 16:00:00'),(764,'Boyd Lacroutz','980-979-1611','2019-08-22 16:00:00'),(765,'Helaina Coneau','342-474-7505','2024-06-18 16:00:00'),(766,'Skipp Sarsons','733-292-6071','2012-11-17 16:00:00'),(767,'Dorothy Rilston','532-884-9120','2014-11-22 16:00:00'),(768,'Davie Breitler','790-317-0675','2013-04-16 16:00:00'),(769,'Zandra Cleevely','114-857-7530','2013-09-29 16:00:00'),(770,'Liza Wapple','632-401-4291','2020-03-27 16:00:00'),(771,'Halsy Gallen','680-825-8221','2016-09-29 16:00:00'),(772,'Lisetta Raftery','226-668-4531','2012-02-16 16:00:00'),(773,'Monte Billo','241-462-7132','2017-06-03 16:00:00'),(774,'Toby Pencott','234-903-1982','2016-05-20 16:00:00'),(775,'Brnaby Pepall','595-501-5723','2023-05-09 16:00:00'),(776,'Elias Oriel','289-193-6995','2013-08-24 16:00:00'),(777,'Sonnie Spencley','529-800-1909','2012-09-08 16:00:00'),(778,'Dusty Alldritt','606-709-5720','2018-04-12 16:00:00'),(779,'Jess Darrell','389-697-1220','2014-04-17 16:00:00'),(780,'Alyce Vaud','900-610-3631','2016-10-28 16:00:00'),(781,'Jefferson Bownde','851-229-9523','2015-07-02 16:00:00'),(782,'Fabiano Ashmore','690-144-6537','2019-05-12 16:00:00'),(783,'Krishna Denidge','484-489-4141','2017-01-10 16:00:00'),(784,'Eugenie Gross','669-804-4295','2023-04-10 16:00:00'),(785,'Koralle O\'Nolan','232-970-8261','2023-07-19 16:00:00'),(786,'Jesse Biddulph','352-569-8689','2016-08-14 16:00:00'),(787,'Noel Giovannardi','508-656-8341','2011-09-03 16:00:00'),(788,'Elbertina Chancelier','910-505-1282','2018-03-20 16:00:00'),(789,'Iormina Jills','357-100-1502','2016-05-28 16:00:00'),(790,'Laird Quenell','266-728-8924','2024-02-01 16:00:00'),(791,'Loralee Henrion','242-795-3913','2017-06-13 16:00:00'),(792,'Raven Taleworth','388-756-1701','2016-05-21 16:00:00'),(793,'Hallie Bilsford','270-596-8353','2024-04-02 16:00:00'),(794,'Cello Bishop','532-821-6203','2018-04-26 16:00:00'),(795,'Alistair Gale','871-520-8741','2024-11-13 16:00:00'),(796,'Nicolais Spavon','538-175-4902','2012-03-11 16:00:00'),(797,'Gerri Calbaithe','294-852-4237','2011-01-18 16:00:00'),(798,'Sharon McCallam','643-336-0797','2023-02-24 16:00:00'),(799,'Hammad Hugett','301-297-1619','2022-05-26 16:00:00'),(800,'Sonya Tittershill','523-708-8695','2021-06-30 16:00:00'),(801,'Alain Shoard','468-326-2123','2018-03-23 16:00:00'),(802,'Otes Garrood','431-311-9569','2016-11-26 16:00:00'),(803,'Idelle Blair','856-812-8737','2024-05-28 16:00:00'),(804,'Gerianna Hogbin','248-418-3106','2013-07-12 16:00:00'),(805,'Prissie Load','573-503-3028','2012-10-23 16:00:00'),(806,'Ursa Crosswaite','281-183-6921','2012-02-09 16:00:00'),(807,'Dionne Brocklebank','645-831-7321','2018-12-28 16:00:00'),(808,'Carolan Shirlaw','513-645-8545','2016-06-18 16:00:00'),(809,'Micheline Spykings','264-543-5849','2017-07-14 16:00:00'),(810,'Sibylle Percifull','683-147-8219','2018-12-09 16:00:00'),(811,'Cammy Wilkin','141-562-7583','2018-12-27 16:00:00'),(812,'Tam Janata','132-124-8280','2023-02-27 16:00:00'),(813,'Glenn Emlin','653-598-4635','2019-02-24 16:00:00'),(814,'Bobine Hucknall','266-667-7176','2021-11-01 16:00:00'),(815,'Forrester Jolliffe','662-708-8764','2012-06-21 16:00:00'),(816,'Jermaine Teek','888-738-9259','2021-09-16 16:00:00'),(817,'Hube Giacobelli','523-777-2423','2024-12-08 16:00:00'),(818,'Jeralee Lysons','787-994-4709','2017-07-19 16:00:00'),(819,'Angelo Moores','516-385-3430','2016-08-12 16:00:00'),(820,'Karalynn Dewdney','267-812-5003','2020-11-19 16:00:00'),(821,'Jeanie Cove','765-890-9375','2015-10-14 16:00:00'),(822,'Flemming Bettenay','828-796-0088','2013-07-07 16:00:00'),(823,'Celeste Bruhnicke','826-507-3025','2013-07-02 16:00:00'),(824,'Dewie Tunn','708-757-3684','2010-06-14 16:00:00'),(825,'Coralyn Shippey','845-381-7091','2012-01-25 16:00:00'),(826,'De Brakespear','218-467-5379','2011-01-24 16:00:00'),(827,'Ruthi Cordie','792-844-3126','2010-10-10 16:00:00'),(828,'Brig Ruter','811-428-2858','2019-12-29 16:00:00'),(829,'Cris Korba','289-785-4365','2020-05-10 16:00:00'),(830,'Jaynell Matts','531-549-9870','2016-03-21 16:00:00'),(831,'Mattias Trembey','162-413-3080','2022-10-19 16:00:00'),(832,'Cammy Kubasiewicz','540-107-4816','2015-08-23 16:00:00'),(833,'Marcos Crush','786-274-4944','2011-05-14 16:00:00'),(834,'Pauline Bayford','898-999-6843','2019-04-06 16:00:00'),(835,'Mallory Yakubovich','855-371-2809','2017-06-23 16:00:00'),(836,'Tillie Mc Coughan','380-546-8616','2016-02-19 16:00:00'),(837,'Dolph Gilpin','330-665-0748','2024-07-10 16:00:00'),(838,'Jeffy Trythall','334-547-4911','2019-07-01 16:00:00'),(839,'Forrester Bazley','486-177-0107','2022-09-05 16:00:00'),(840,'Terence Stanett','759-924-7957','2020-03-23 16:00:00'),(841,'Mallory Dolling','357-279-4586','2012-08-19 16:00:00'),(842,'Sibyl D\'Elia','526-996-3488','2015-10-19 16:00:00'),(843,'Bobbette Reen','334-843-4361','2017-03-02 16:00:00'),(844,'Sheri Heberden','860-376-2617','2016-11-22 16:00:00'),(845,'Ofella Tonsley','690-410-8636','2023-12-18 16:00:00'),(846,'Jereme Perdue','582-951-3789','2022-04-10 16:00:00'),(847,'Latia Brann','465-362-1868','2016-02-06 16:00:00'),(848,'Leon Watsham','892-348-2474','2015-02-16 16:00:00'),(849,'Miquela Strowger','383-995-8029','2020-02-11 16:00:00'),(850,'Levin Skillett','893-529-6409','2021-12-20 16:00:00'),(851,'Malorie Greiswood','320-130-0464','2011-12-03 16:00:00'),(852,'Cross Andreev','688-843-5096','2011-02-01 16:00:00'),(853,'Laure Lamas','890-159-6395','2018-02-28 16:00:00'),(854,'Harlene Rous','191-642-6791','2018-10-12 16:00:00'),(855,'Terri Greeson','658-666-9038','2014-04-07 16:00:00'),(856,'Shirlee Sherbourne','260-644-7718','2014-11-21 16:00:00'),(857,'Seline Lugg','503-740-7177','2021-11-13 16:00:00'),(858,'Alvina Cholerton','402-467-8327','2013-11-29 16:00:00'),(859,'Kristin Mathis','336-532-9898','2022-10-08 16:00:00'),(860,'Brendon Shipp','464-177-7952','2022-12-28 16:00:00'),(861,'Paige Denford','433-919-2442','2012-06-16 16:00:00'),(862,'Ozzy Benfield','162-122-7755','2011-01-09 16:00:00'),(863,'Gabriellia Hampshaw','185-439-6006','2021-02-11 16:00:00'),(864,'Packston Parcells','422-969-0150','2014-09-06 16:00:00'),(865,'Clair Dickin','137-427-5067','2020-01-08 16:00:00'),(866,'Kerr Newstead','201-223-8434','2021-02-13 16:00:00'),(867,'Noella Beament','781-366-6935','2018-06-26 16:00:00'),(868,'Veronique Kopp','957-556-8539','2020-10-06 16:00:00'),(869,'Gordon Feltoe','456-487-0188','2014-08-27 16:00:00'),(870,'Catherina Piniur','200-938-1969','2013-02-15 16:00:00'),(871,'Finley Critcher','641-593-6309','2016-12-24 16:00:00'),(872,'Dore Waiton','764-977-9115','2017-03-19 16:00:00'),(873,'Maryann Harrower','918-816-6688','2020-10-23 16:00:00'),(874,'Jen Duckhouse','245-731-3883','2017-01-09 16:00:00'),(875,'Matilde Pawellek','585-331-1418','2021-03-14 16:00:00'),(876,'Bonnee Impson','417-461-0858','2022-09-15 16:00:00'),(877,'Jorey Porrett','565-597-2901','2014-10-17 16:00:00'),(878,'Ferrell Klicher','973-392-3909','2015-07-14 16:00:00'),(879,'Ingrid Fearneley','326-190-7773','2024-01-26 16:00:00'),(880,'Rozella Pilkinton','653-337-3425','2023-01-23 16:00:00'),(881,'Whitaker Ben-Aharon','907-586-4685','2010-06-13 16:00:00'),(882,'Urbanus Gregon','703-612-2262','2023-10-18 16:00:00'),(883,'Luke Ryles','959-333-1644','2023-02-04 16:00:00'),(884,'Frannie Sterrick','940-894-2885','2016-08-20 16:00:00'),(885,'Catriona Petroulis','356-944-5975','2018-03-18 16:00:00'),(886,'Kynthia Lindenberg','468-287-8138','2021-10-17 16:00:00'),(887,'Thor Aikenhead','795-415-1915','2021-03-07 16:00:00'),(888,'Christophe Rannells','409-442-2403','2023-04-11 16:00:00'),(889,'Hayyim Cromleholme','162-737-4918','2014-11-27 16:00:00'),(890,'Olivie Mayward','809-144-6404','2018-10-09 16:00:00'),(891,'Inessa Waller-Bridge','282-205-5254','2021-01-22 16:00:00'),(892,'Kort Blofeld','274-717-4267','2014-07-16 16:00:00'),(893,'Addison Gracewood','331-145-3030','2018-03-09 16:00:00'),(894,'Linzy Gori','170-371-7762','2023-10-21 16:00:00'),(895,'Nanon Wreford','536-782-4627','2012-11-01 16:00:00'),(896,'Sherye Horsley','121-598-7170','2016-11-17 16:00:00'),(897,'Celeste Ferrulli','554-660-9907','2023-07-12 16:00:00'),(898,'Berte Foord','516-553-6348','2021-04-13 16:00:00'),(899,'Lucio Hicklingbottom','632-707-2844','2019-06-26 16:00:00'),(900,'Sarette Pelling','706-149-8146','2021-09-14 16:00:00'),(901,'Leodora Wonfar','712-956-7760','2013-09-24 16:00:00'),(902,'Nancy Polkinhorn','643-898-5245','2018-01-23 16:00:00'),(903,'Leena Cyster','862-799-9731','2017-03-25 16:00:00'),(904,'Siegfried Tzar','513-898-9681','2010-08-04 16:00:00'),(905,'Kermie Patzelt','203-351-3840','2015-02-10 16:00:00'),(906,'Cathlene Coady','593-744-1554','2021-05-11 16:00:00'),(907,'Holmes Dillimore','183-169-6508','2020-11-25 16:00:00'),(908,'Valle Mc Menamin','776-746-9717','2020-11-25 16:00:00'),(909,'Deena Watchorn','468-498-5954','2011-10-22 16:00:00'),(910,'Brandy Oliff','792-842-8969','2019-01-29 16:00:00'),(911,'Dianne Semeniuk','794-375-5268','2012-04-15 16:00:00'),(912,'Nelia Kegley','218-295-3999','2018-11-25 16:00:00'),(913,'Mallissa Khomich','463-177-8146','2013-11-23 16:00:00'),(914,'Daryle McCrae','852-326-4565','2012-05-06 16:00:00'),(915,'Ferrel Muat','182-530-3795','2011-01-11 16:00:00'),(916,'Phil Siviter','412-590-4269','2012-02-04 16:00:00'),(917,'Neddie Keniwell','729-674-9338','2023-10-24 16:00:00'),(918,'Hakeem Demonge','688-188-5498','2012-05-13 16:00:00'),(919,'Georgia Farnish','180-535-9271','2015-02-04 16:00:00'),(920,'Gonzales Ancell','513-869-0086','2021-02-24 16:00:00'),(921,'Theodore Oakenfield','684-800-9063','2020-06-28 16:00:00'),(922,'Desiree Pargeter','322-138-5068','2013-09-11 16:00:00'),(923,'Tobi Butson','234-952-2183','2013-08-15 16:00:00'),(924,'Chastity Elder','460-186-5650','2021-11-18 16:00:00'),(925,'Calv Scrannage','606-919-3034','2023-09-04 16:00:00'),(926,'Chrisse Fearnehough','238-696-0122','2023-04-08 16:00:00'),(927,'Candis Pleuman','677-489-1572','2019-10-05 16:00:00'),(928,'Lawrence Cringle','178-660-6784','2018-03-11 16:00:00'),(929,'Carmine Gillease','748-282-9502','2013-05-20 16:00:00'),(930,'Vitia Baines','652-856-5970','2011-06-09 16:00:00'),(931,'Rodolph Buckthorpe','600-917-5254','2023-12-18 16:00:00'),(932,'Carrissa Giovani','773-927-6049','2019-04-30 16:00:00'),(933,'Halsey Philo','206-860-2406','2023-07-20 16:00:00'),(934,'Gunner Anthoin','920-213-1785','2022-11-30 16:00:00'),(935,'Berti Whawell','669-933-6556','2023-01-10 16:00:00'),(936,'Emyle Shimman','474-828-3809','2011-07-16 16:00:00'),(937,'Stace Currom','653-496-8930','2012-05-23 16:00:00'),(938,'Ursola Celier','207-174-5170','2024-02-22 16:00:00'),(939,'Gaspar Large','773-551-0203','2015-08-29 16:00:00'),(940,'Dawna Jumeau','949-144-9405','2013-07-07 16:00:00'),(941,'Cynthie Cowoppe','773-322-9089','2022-01-26 16:00:00'),(942,'Cassaundra Ubsdall','559-950-5367','2019-01-28 16:00:00'),(943,'Quintin Semered','594-514-8588','2013-07-10 16:00:00'),(944,'Vinson Derges','380-851-3419','2010-08-27 16:00:00'),(945,'Carlen Summerley','778-642-8549','2019-12-31 16:00:00'),(946,'Elisabeth Rolls','873-470-7636','2024-12-02 16:00:00'),(947,'Rozalie Sherlaw','791-635-0853','2023-02-11 16:00:00'),(948,'Josh Quernel','209-589-0269','2021-02-26 16:00:00'),(949,'Aleta Perschke','321-998-1240','2018-06-09 16:00:00'),(950,'Lauree Cheatle','571-933-1066','2024-11-23 16:00:00'),(951,'Ethel Bill','233-185-6458','2024-06-18 16:00:00'),(952,'Agnola Pridding','255-268-0822','2011-03-21 16:00:00'),(953,'Carly Jencken','377-762-8933','2012-11-04 16:00:00'),(954,'Abigale Sharrier','286-788-0413','2017-09-04 16:00:00'),(955,'Britta Strete','662-776-4844','2017-03-21 16:00:00'),(956,'Alexandro Cassely','376-209-4141','2012-10-05 16:00:00'),(957,'Hewie Peagrim','688-612-5541','2023-02-25 16:00:00'),(958,'Celene Grasha','418-337-3664','2019-08-03 16:00:00'),(959,'Lorita Clemson','823-203-4820','2016-08-18 16:00:00'),(960,'Bettina Bilbey','196-704-3349','2014-06-06 16:00:00'),(961,'Demetris Poff','763-987-7553','2020-10-07 16:00:00'),(962,'Lenette Sanz','904-149-0071','2013-03-16 16:00:00'),(963,'Roarke Eliff','285-909-6878','2023-08-20 16:00:00'),(964,'Monique Diack','891-736-9060','2023-05-29 16:00:00'),(965,'Rycca Bunkle','836-448-0150','2020-01-01 16:00:00'),(966,'Tedra Pendered','664-519-4831','2021-09-23 16:00:00'),(967,'Marcello Nairy','924-352-6479','2021-11-21 16:00:00'),(968,'Madlin Buncom','720-321-5731','2013-08-19 16:00:00'),(969,'Pinchas Viney','323-699-4081','2013-01-07 16:00:00'),(970,'Jereme Giocannoni','934-964-2322','2012-02-26 16:00:00'),(971,'Forrester Paternoster','293-413-9510','2012-04-09 16:00:00'),(972,'Gonzalo Hagyard','475-133-0717','2010-01-23 16:00:00'),(973,'Mala Branni','794-992-5432','2015-11-29 16:00:00'),(974,'Maia Fannon','778-765-9252','2011-06-02 16:00:00'),(975,'Philip Antonazzi','703-678-7647','2017-09-04 16:00:00'),(976,'Gideon Girard','602-408-1066','2010-08-04 16:00:00'),(977,'Opal Hinkins','563-640-0455','2017-10-09 16:00:00'),(978,'Oralee Kreuzer','256-133-1989','2011-10-30 16:00:00'),(979,'Stafford Norgan','553-593-1141','2011-02-24 16:00:00'),(980,'Pierson Calow','796-931-6201','2021-01-11 16:00:00'),(981,'Rustin McAlarney','628-965-4456','2011-02-22 16:00:00'),(982,'Terri-jo Freestone','567-981-2406','2010-12-29 16:00:00'),(983,'Frasquito Cloney','219-840-2863','2021-07-13 16:00:00'),(984,'Bellina Gretton','354-821-1401','2012-05-23 16:00:00'),(985,'Etta Wibrow','850-963-6313','2013-11-28 16:00:00'),(986,'Gerianna Berns','853-904-0126','2015-09-30 16:00:00'),(987,'Wendall Giff','518-377-9546','2025-01-07 16:00:00'),(988,'Tasia Ibanez','653-575-8130','2024-06-21 16:00:00'),(989,'Sholom Ariss','212-804-7612','2018-05-09 16:00:00'),(990,'Noel Groarty','985-320-9760','2016-06-02 16:00:00'),(991,'Dante Sartain','523-296-9631','2016-10-25 16:00:00'),(992,'Cathlene Calkin','360-827-7705','2021-12-27 16:00:00'),(993,'Glynda Cettell','197-667-7115','2020-02-04 16:00:00'),(994,'Roxie Southway','448-111-9043','2021-01-12 16:00:00'),(995,'Lars Dudman','783-674-3274','2019-01-16 16:00:00'),(996,'Regina Whitelaw','742-676-7595','2011-10-04 16:00:00'),(997,'Kennie Medcraft','780-171-8767','2024-09-07 16:00:00'),(998,'Jamal Tatam','451-612-3323','2023-04-10 16:00:00'),(999,'Nickie Beldham','451-455-0899','2017-11-21 16:00:00'),(1000,'Zachary Bartoli','644-151-4745','2013-11-06 16:00:00');
/*!40000 ALTER TABLE `customers` ENABLE KEYS */;
UNLOCK TABLES;

--
-- Temporary view structure for view `customers_order_view`
--

DROP TABLE IF EXISTS `customers_order_view`;
/*!50001 DROP VIEW IF EXISTS `customers_order_view`*/;
SET @saved_cs_client     = @@character_set_client;
/*!50503 SET character_set_client = utf8mb4 */;
/*!50001 CREATE VIEW `customers_order_view` AS SELECT 
 1 AS `customer_id`,
 1 AS `customer_name`,
 1 AS `booking_id`,
 1 AS `booking_date_time`,
 1 AS `table_number`,
 1 AS `staff_name`,
 1 AS `order_id`,
 1 AS `order_datetime`,
 1 AS `total_cost`,
 1 AS `status`,
 1 AS `menu_item_name`,
 1 AS `order_quantity`*/;
SET character_set_client = @saved_cs_client;

--
-- Table structure for table `menu`
--

DROP TABLE IF EXISTS `menu`;
/*!40101 SET @saved_cs_client     = @@character_set_client */;
/*!50503 SET character_set_client = utf8mb4 */;
CREATE TABLE `menu` (
  `id` int NOT NULL AUTO_INCREMENT,
  `name` varchar(255) NOT NULL,
  `price` decimal(10,2) DEFAULT NULL,
  PRIMARY KEY (`id`)
) ENGINE=InnoDB AUTO_INCREMENT=12 DEFAULT CHARSET=utf8mb4 COLLATE=utf8mb4_0900_ai_ci;
/*!40101 SET character_set_client = @saved_cs_client */;

--
-- Dumping data for table `menu`
--

LOCK TABLES `menu` WRITE;
/*!40000 ALTER TABLE `menu` DISABLE KEYS */;
INSERT INTO `menu` (`id`, `name`, `price`) VALUES (1,'Rice',15.00),(2,'Chicken Adobo',100.00),(3,'Lumpia',15.00),(4,'Dinuguan',75.00),(5,'Kaldereta',100.00),(6,'Pinakbet',50.00),(7,'Halo-Halo',150.00),(8,'Pork Sinigang',100.00),(9,'Chicken Sinigang',100.00),(10,'Chicken Inasal',150.00),(11,'Pork Barbeque',35.00);
/*!40000 ALTER TABLE `menu` ENABLE KEYS */;
UNLOCK TABLES;

--
-- Table structure for table `orders`
--

DROP TABLE IF EXISTS `orders`;
/*!40101 SET @saved_cs_client     = @@character_set_client */;
/*!50503 SET character_set_client = utf8mb4 */;
CREATE TABLE `orders` (
  `id` int NOT NULL AUTO_INCREMENT,
  `order_datetime` datetime NOT NULL DEFAULT CURRENT_TIMESTAMP,
  `total_cost` decimal(10,2) NOT NULL,
  `status` enum('Place','Delivered','Canceled') NOT NULL,
  `bookings_id` int NOT NULL,
  `staff_id` int NOT NULL,
  PRIMARY KEY (`id`),
  KEY `fk_orders_bookings1_idx` (`bookings_id`),
  KEY `fk_orders_staff1_idx` (`staff_id`),
  CONSTRAINT `fk_orders_bookings1` FOREIGN KEY (`bookings_id`) REFERENCES `bookings` (`id`),
  CONSTRAINT `fk_orders_staff1` FOREIGN KEY (`staff_id`) REFERENCES `staff` (`id`)
) ENGINE=InnoDB AUTO_INCREMENT=3 DEFAULT CHARSET=utf8mb4 COLLATE=utf8mb4_0900_ai_ci;
/*!40101 SET character_set_client = @saved_cs_client */;

--
-- Dumping data for table `orders`
--

LOCK TABLES `orders` WRITE;
/*!40000 ALTER TABLE `orders` DISABLE KEYS */;
INSERT INTO `orders` (`id`, `order_datetime`, `total_cost`, `status`, `bookings_id`, `staff_id`) VALUES (1,'2025-02-08 14:50:30',925.00,'Canceled',1,1),(2,'2025-02-08 15:02:37',2775.00,'Place',2,1);
/*!40000 ALTER TABLE `orders` ENABLE KEYS */;
UNLOCK TABLES;

--
-- Table structure for table `orders_has_menu`
--

DROP TABLE IF EXISTS `orders_has_menu`;
/*!40101 SET @saved_cs_client     = @@character_set_client */;
/*!50503 SET character_set_client = utf8mb4 */;
CREATE TABLE `orders_has_menu` (
  `orders_id` int NOT NULL,
  `menu_id` int NOT NULL,
  `order_quantity` int NOT NULL,
  PRIMARY KEY (`orders_id`,`menu_id`),
  KEY `fk_orders_has_menu_menu1_idx` (`menu_id`),
  KEY `fk_orders_has_menu_orders1_idx` (`orders_id`),
  CONSTRAINT `fk_orders_has_menu_menu1` FOREIGN KEY (`menu_id`) REFERENCES `menu` (`id`),
  CONSTRAINT `fk_orders_has_menu_orders1` FOREIGN KEY (`orders_id`) REFERENCES `orders` (`id`)
) ENGINE=InnoDB DEFAULT CHARSET=utf8mb4 COLLATE=utf8mb4_0900_ai_ci;
/*!40101 SET character_set_client = @saved_cs_client */;

--
-- Dumping data for table `orders_has_menu`
--

LOCK TABLES `orders_has_menu` WRITE;
/*!40000 ALTER TABLE `orders_has_menu` DISABLE KEYS */;
INSERT INTO `orders_has_menu` (`orders_id`, `menu_id`, `order_quantity`) VALUES (1,1,5),(1,2,2),(1,4,2),(1,6,1),(1,7,3),(2,1,10),(2,2,5),(2,4,5),(2,6,5),(2,7,10);
/*!40000 ALTER TABLE `orders_has_menu` ENABLE KEYS */;
UNLOCK TABLES;

--
-- Temporary view structure for view `orders_view`
--

DROP TABLE IF EXISTS `orders_view`;
/*!50001 DROP VIEW IF EXISTS `orders_view`*/;
SET @saved_cs_client     = @@character_set_client;
/*!50503 SET character_set_client = utf8mb4 */;
/*!50001 CREATE VIEW `orders_view` AS SELECT 
 1 AS `OrderID`,
 1 AS `Quantity`,
 1 AS `Cost`*/;
SET character_set_client = @saved_cs_client;

--
-- Table structure for table `staff`
--

DROP TABLE IF EXISTS `staff`;
/*!40101 SET @saved_cs_client     = @@character_set_client */;
/*!50503 SET character_set_client = utf8mb4 */;
CREATE TABLE `staff` (
  `id` int NOT NULL AUTO_INCREMENT,
  `name` varchar(255) NOT NULL,
  `contact_number` varchar(20) NOT NULL,
  `role` enum('Cashier','Chef','Dishwasher','Host','Manager','Waiter') NOT NULL,
  `salary` decimal(10,2) NOT NULL,
  PRIMARY KEY (`id`)
) ENGINE=InnoDB AUTO_INCREMENT=16 DEFAULT CHARSET=utf8mb4 COLLATE=utf8mb4_0900_ai_ci;
/*!40101 SET character_set_client = @saved_cs_client */;

--
-- Dumping data for table `staff`
--

LOCK TABLES `staff` WRITE;
/*!40000 ALTER TABLE `staff` DISABLE KEYS */;
INSERT INTO `staff` (`id`, `name`, `contact_number`, `role`, `salary`) VALUES (1,'Katie Ramos','(928)509-4267x4672','Chef',30000.00),(2,'Linda Lewis','(946)872-0673','Cashier',18000.00),(3,'Michael Soto','557.418.8535x14120','Cashier',18000.00),(4,'Raymond Hernandez','001-222-288-6039x000','Manager',35000.00),(5,'Robin Russell','664-468-6781x03938','Chef',30000.00),(6,'Angela Gallegos','2057989986','Chef',30000.00),(7,'Bruce Miller','957.425.6663','Cashier',18000.00),(8,'Christopher Anderson','001-357-560-0699x104','Waiter',15000.00),(9,'Sabrina Moore','964.550.9100','Waiter',15000.00),(10,'Cassandra Anderson','556.257.4522x7328','Cashier',18000.00),(11,'Shelly Harvey','931.386.0040x968','Chef',30000.00),(12,'Pamela Cooper','(732)207-8515x8336','Chef',30000.00),(13,'Kimberly Roberts','001-633-786-8073','Chef',30000.00),(14,'Brandon Mitchell','909.665.0109x6971','Manager',35000.00),(15,'Jerry Harris DDS','(215)880-2714x37861','Cashier',18000.00);
/*!40000 ALTER TABLE `staff` ENABLE KEYS */;
UNLOCK TABLES;

--
-- Dumping routines for database 'littlelemondb'
--
/*!50003 DROP FUNCTION IF EXISTS `check_booking` */;
/*!50003 SET @saved_cs_client      = @@character_set_client */ ;
/*!50003 SET @saved_cs_results     = @@character_set_results */ ;
/*!50003 SET @saved_col_connection = @@collation_connection */ ;
/*!50003 SET character_set_client  = utf8mb4 */ ;
/*!50003 SET character_set_results = utf8mb4 */ ;
/*!50003 SET collation_connection  = utf8mb4_0900_ai_ci */ ;
/*!50003 SET @saved_sql_mode       = @@sql_mode */ ;
/*!50003 SET sql_mode              = 'ONLY_FULL_GROUP_BY,STRICT_TRANS_TABLES,NO_ZERO_IN_DATE,NO_ZERO_DATE,ERROR_FOR_DIVISION_BY_ZERO,NO_ENGINE_SUBSTITUTION' */ ;
DELIMITER ;;
CREATE DEFINER=`root`@`localhost` FUNCTION `check_booking`(booking_date DATE, tb_number INT) RETURNS tinyint(1)
    DETERMINISTIC
BEGIN

    DECLARE booking_exists BOOLEAN;



    -- Check if the booking exists for the given date and table number

    SET booking_exists = EXISTS(SELECT 1

                                FROM bookings

                                WHERE DATE(booking_date_time) = booking_date

                                  AND table_number = tb_number);



    RETURN booking_exists;

END ;;
DELIMITER ;
/*!50003 SET sql_mode              = @saved_sql_mode */ ;
/*!50003 SET character_set_client  = @saved_cs_client */ ;
/*!50003 SET character_set_results = @saved_cs_results */ ;
/*!50003 SET collation_connection  = @saved_col_connection */ ;
/*!50003 DROP FUNCTION IF EXISTS `get_item_price` */;
/*!50003 SET @saved_cs_client      = @@character_set_client */ ;
/*!50003 SET @saved_cs_results     = @@character_set_results */ ;
/*!50003 SET @saved_col_connection = @@collation_connection */ ;
/*!50003 SET character_set_client  = utf8mb4 */ ;
/*!50003 SET character_set_results = utf8mb4 */ ;
/*!50003 SET collation_connection  = utf8mb4_0900_ai_ci */ ;
/*!50003 SET @saved_sql_mode       = @@sql_mode */ ;
/*!50003 SET sql_mode              = 'ONLY_FULL_GROUP_BY,STRICT_TRANS_TABLES,NO_ZERO_IN_DATE,NO_ZERO_DATE,ERROR_FOR_DIVISION_BY_ZERO,NO_ENGINE_SUBSTITUTION' */ ;
DELIMITER ;;
CREATE DEFINER=`root`@`localhost` FUNCTION `get_item_price`(item_id int) RETURNS decimal(10,2)
    DETERMINISTIC
begin

    declare item_price decimal(10, 2);

    select price

    into item_price

    from menu

    where id = item_id;

    return item_price;

end ;;
DELIMITER ;
/*!50003 SET sql_mode              = @saved_sql_mode */ ;
/*!50003 SET character_set_client  = @saved_cs_client */ ;
/*!50003 SET character_set_results = @saved_cs_results */ ;
/*!50003 SET collation_connection  = @saved_col_connection */ ;
/*!50003 DROP PROCEDURE IF EXISTS `cancel_order` */;
/*!50003 SET @saved_cs_client      = @@character_set_client */ ;
/*!50003 SET @saved_cs_results     = @@character_set_results */ ;
/*!50003 SET @saved_col_connection = @@collation_connection */ ;
/*!50003 SET character_set_client  = utf8mb4 */ ;
/*!50003 SET character_set_results = utf8mb4 */ ;
/*!50003 SET collation_connection  = utf8mb4_0900_ai_ci */ ;
/*!50003 SET @saved_sql_mode       = @@sql_mode */ ;
/*!50003 SET sql_mode              = 'ONLY_FULL_GROUP_BY,STRICT_TRANS_TABLES,NO_ZERO_IN_DATE,NO_ZERO_DATE,ERROR_FOR_DIVISION_BY_ZERO,NO_ENGINE_SUBSTITUTION' */ ;
DELIMITER ;;
CREATE DEFINER=`root`@`localhost` PROCEDURE `cancel_order`(IN order_id INT)
BEGIN

    DECLARE order_status ENUM ('Place', 'Delivered', 'Canceled');



    -- Get the current status of the order

    SELECT status

    INTO order_status

    FROM orders

    WHERE id = order_id;



    -- Check if the order is in the "Placed" status

    IF order_status = 'Place' THEN

        -- Update the order status to "Canceled"

        UPDATE orders

        SET status = 'Canceled'

        WHERE id = order_id;

    ELSEIF order_status = 'Delivered' THEN

        -- Raise an error if the order has already been delivered

        SIGNAL SQLSTATE '45000'

            SET MESSAGE_TEXT = 'Order cannot be canceled as it has already been delivered';

    ELSE

        -- Raise an error if the order is not found or already canceled

        SIGNAL SQLSTATE '45000'

            SET MESSAGE_TEXT = 'Order not found or already canceled';

    END IF;

END ;;
DELIMITER ;
/*!50003 SET sql_mode              = @saved_sql_mode */ ;
/*!50003 SET character_set_client  = @saved_cs_client */ ;
/*!50003 SET character_set_results = @saved_cs_results */ ;
/*!50003 SET collation_connection  = @saved_col_connection */ ;
/*!50003 DROP PROCEDURE IF EXISTS `delete_booking` */;
/*!50003 SET @saved_cs_client      = @@character_set_client */ ;
/*!50003 SET @saved_cs_results     = @@character_set_results */ ;
/*!50003 SET @saved_col_connection = @@collation_connection */ ;
/*!50003 SET character_set_client  = utf8mb4 */ ;
/*!50003 SET character_set_results = utf8mb4 */ ;
/*!50003 SET collation_connection  = utf8mb4_0900_ai_ci */ ;
/*!50003 SET @saved_sql_mode       = @@sql_mode */ ;
/*!50003 SET sql_mode              = 'ONLY_FULL_GROUP_BY,STRICT_TRANS_TABLES,NO_ZERO_IN_DATE,NO_ZERO_DATE,ERROR_FOR_DIVISION_BY_ZERO,NO_ENGINE_SUBSTITUTION' */ ;
DELIMITER ;;
CREATE DEFINER=`root`@`localhost` PROCEDURE `delete_booking`(IN v_booking_id INT)
BEGIN

    DECLARE EXIT HANDLER FOR SQLEXCEPTION

        BEGIN

            -- Rollback the transaction if an error occurs

            ROLLBACK;

            -- Return the failure message

            SELECT 'Deletion failed' AS message;

        END;



    START TRANSACTION;



    -- Check if the booking exists

    IF EXISTS (SELECT * FROM bookings WHERE id = v_booking_id) THEN

        -- Prepare the update statement for the bookings table

        SET @v_booking_id = v_booking_id;



        SET @delete_booking_sql = 'DELETE FROM bookings WHERE id = ?';

        PREPARE stmt_booking FROM @delete_booking_sql;

        EXECUTE stmt_booking USING @v_booking_id;

        DEALLOCATE PREPARE stmt_booking;



        -- Commit the transaction

        COMMIT;



        -- Return the success message

        SELECT CONCAT('Booking ', @v_booking_id, ' was deleted successfully.') AS message;

    ELSE

        -- Rollback the transaction if the booking does not exist

        ROLLBACK;

        -- Return the failure message

        SELECT CONCAT('Booking with booking id ', v_booking_id, ' not found.') AS message;

    END IF;

END ;;
DELIMITER ;
/*!50003 SET sql_mode              = @saved_sql_mode */ ;
/*!50003 SET character_set_client  = @saved_cs_client */ ;
/*!50003 SET character_set_results = @saved_cs_results */ ;
/*!50003 SET collation_connection  = @saved_col_connection */ ;
/*!50003 DROP PROCEDURE IF EXISTS `get_max_order` */;
/*!50003 SET @saved_cs_client      = @@character_set_client */ ;
/*!50003 SET @saved_cs_results     = @@character_set_results */ ;
/*!50003 SET @saved_col_connection = @@collation_connection */ ;
/*!50003 SET character_set_client  = utf8mb4 */ ;
/*!50003 SET character_set_results = utf8mb4 */ ;
/*!50003 SET collation_connection  = utf8mb4_0900_ai_ci */ ;
/*!50003 SET @saved_sql_mode       = @@sql_mode */ ;
/*!50003 SET sql_mode              = 'ONLY_FULL_GROUP_BY,STRICT_TRANS_TABLES,NO_ZERO_IN_DATE,NO_ZERO_DATE,ERROR_FOR_DIVISION_BY_ZERO,NO_ENGINE_SUBSTITUTION' */ ;
DELIMITER ;;
CREATE DEFINER=`root`@`localhost` PROCEDURE `get_max_order`()
BEGIN

    select max(order_quantity) as "Max Quantity in Order" from orders_has_menu;

END ;;
DELIMITER ;
/*!50003 SET sql_mode              = @saved_sql_mode */ ;
/*!50003 SET character_set_client  = @saved_cs_client */ ;
/*!50003 SET character_set_results = @saved_cs_results */ ;
/*!50003 SET collation_connection  = @saved_col_connection */ ;
/*!50003 DROP PROCEDURE IF EXISTS `insert_orders` */;
/*!50003 SET @saved_cs_client      = @@character_set_client */ ;
/*!50003 SET @saved_cs_results     = @@character_set_results */ ;
/*!50003 SET @saved_col_connection = @@collation_connection */ ;
/*!50003 SET character_set_client  = utf8mb4 */ ;
/*!50003 SET character_set_results = utf8mb4 */ ;
/*!50003 SET collation_connection  = utf8mb4_0900_ai_ci */ ;
/*!50003 SET @saved_sql_mode       = @@sql_mode */ ;
/*!50003 SET sql_mode              = 'ONLY_FULL_GROUP_BY,STRICT_TRANS_TABLES,NO_ZERO_IN_DATE,NO_ZERO_DATE,ERROR_FOR_DIVISION_BY_ZERO,NO_ENGINE_SUBSTITUTION' */ ;
DELIMITER ;;
CREATE DEFINER=`root`@`localhost` PROCEDURE `insert_orders`(

    IN items JSON,

    IN bookings_id INT,

    IN staff_id INT,

    IN order_status ENUM ('Place', 'Delivered', 'Canceled')

)
BEGIN

    DECLARE item_id INT;

    DECLARE quantity INT;

    DECLARE total_price DECIMAL(10, 2);

    DECLARE i INT DEFAULT 0;

    DECLARE n INT;

    DECLARE order_total DECIMAL(10, 2) DEFAULT 0;

    DECLARE new_order_id INT;



    SET n = JSON_LENGTH(items);



    -- Calculate the total cost of the order

    WHILE i < n

        DO

            SET item_id = JSON_UNQUOTE(JSON_EXTRACT(items, CONCAT('$[', i, '].item_id')));

            SET quantity = JSON_UNQUOTE(JSON_EXTRACT(items, CONCAT('$[', i, '].quantity')));

            SET total_price = quantity * get_item_price(item_id);

            SET order_total = order_total + total_price;

            SET i = i + 1;

        END WHILE;



    -- Prepare the insert statement for the orders table

    SET @insert_order_sql =

            'INSERT INTO orders (order_datetime, total_cost, status, bookings_id, staff_id) VALUES (NOW(), ?, ?, ?, ?)';

    PREPARE stmt_order FROM @insert_order_sql;

    SET @order_total = order_total;

    SET @order_status = order_status;

    SET @bookings_id = bookings_id;

    SET @staff_id = staff_id;

    EXECUTE stmt_order USING @order_total, @order_status, @bookings_id, @staff_id;

    DEALLOCATE PREPARE stmt_order;



    -- Get the last inserted order ID

    SET new_order_id = LAST_INSERT_ID();



    -- Reset the loop counter

    SET i = 0;



    -- Prepare the insert statement for the orders_has_menu table

    SET @insert_order_item_sql = 'INSERT INTO orders_has_menu (orders_id, menu_id, order_quantity) VALUES (?, ?, ?)';

    PREPARE stmt_order_item FROM @insert_order_item_sql;



    -- Insert the items into the orders_has_menu table

    WHILE i < n

        DO

            SET @item_id = JSON_UNQUOTE(JSON_EXTRACT(items, CONCAT('$[', i, '].item_id')));

            SET @quantity = JSON_UNQUOTE(JSON_EXTRACT(items, CONCAT('$[', i, '].quantity')));

            SET @new_order_id = new_order_id;

            EXECUTE stmt_order_item USING @new_order_id, @item_id, @quantity;

            SET i = i + 1;

        END WHILE;



    DEALLOCATE PREPARE stmt_order_item;

END ;;
DELIMITER ;
/*!50003 SET sql_mode              = @saved_sql_mode */ ;
/*!50003 SET character_set_client  = @saved_cs_client */ ;
/*!50003 SET character_set_results = @saved_cs_results */ ;
/*!50003 SET collation_connection  = @saved_col_connection */ ;
/*!50003 DROP PROCEDURE IF EXISTS `make_booking` */;
/*!50003 SET @saved_cs_client      = @@character_set_client */ ;
/*!50003 SET @saved_cs_results     = @@character_set_results */ ;
/*!50003 SET @saved_col_connection = @@collation_connection */ ;
/*!50003 SET character_set_client  = utf8mb4 */ ;
/*!50003 SET character_set_results = utf8mb4 */ ;
/*!50003 SET collation_connection  = utf8mb4_0900_ai_ci */ ;
/*!50003 SET @saved_sql_mode       = @@sql_mode */ ;
/*!50003 SET sql_mode              = 'ONLY_FULL_GROUP_BY,STRICT_TRANS_TABLES,NO_ZERO_IN_DATE,NO_ZERO_DATE,ERROR_FOR_DIVISION_BY_ZERO,NO_ENGINE_SUBSTITUTION' */ ;
DELIMITER ;;
CREATE DEFINER=`root`@`localhost` PROCEDURE `make_booking`(IN v_booking_date_time DATETIME, IN v_table_number INT, IN v_customer_id INT)
BEGIN

    DECLARE EXIT HANDLER FOR 1062

    BEGIN

        SELECT 'Booking failed: Duplicate entry or constraint violation' AS message;

    END;



    START TRANSACTION;

    -- Prepare the insert statement for the bookings table

    SET @v_booking_date_time = v_booking_date_time;

    SET @v_table_number = v_table_number;

    SET @v_customer_id = v_customer_id;



    SET @insert_booking_sql = 'INSERT INTO bookings (booking_date_time, table_number, customers_id) VALUES (?, ?, ?)';

    PREPARE stmt_booking FROM @insert_booking_sql;

    EXECUTE stmt_booking USING @v_booking_date_time, @v_table_number, @v_customer_id;



    SELECT 'Booking was successful' AS message;



    DEALLOCATE PREPARE stmt_booking;

    COMMIT;



END ;;
DELIMITER ;
/*!50003 SET sql_mode              = @saved_sql_mode */ ;
/*!50003 SET character_set_client  = @saved_cs_client */ ;
/*!50003 SET character_set_results = @saved_cs_results */ ;
/*!50003 SET collation_connection  = @saved_col_connection */ ;
/*!50003 DROP PROCEDURE IF EXISTS `update_booking` */;
/*!50003 SET @saved_cs_client      = @@character_set_client */ ;
/*!50003 SET @saved_cs_results     = @@character_set_results */ ;
/*!50003 SET @saved_col_connection = @@collation_connection */ ;
/*!50003 SET character_set_client  = utf8mb4 */ ;
/*!50003 SET character_set_results = utf8mb4 */ ;
/*!50003 SET collation_connection  = utf8mb4_0900_ai_ci */ ;
/*!50003 SET @saved_sql_mode       = @@sql_mode */ ;
/*!50003 SET sql_mode              = 'ONLY_FULL_GROUP_BY,STRICT_TRANS_TABLES,NO_ZERO_IN_DATE,NO_ZERO_DATE,ERROR_FOR_DIVISION_BY_ZERO,NO_ENGINE_SUBSTITUTION' */ ;
DELIMITER ;;
CREATE DEFINER=`root`@`localhost` PROCEDURE `update_booking`(IN v_booking_id INT, IN v_booking_date_time DATETIME)
BEGIN

    DECLARE EXIT HANDLER FOR SQLEXCEPTION

        BEGIN

            -- Rollback the transaction if an error occurs

            ROLLBACK;

            -- Return the failure message

            SELECT 'Booking update failed' AS message;

        END;



    START TRANSACTION;



    -- Check if the booking exists

    IF EXISTS (SELECT * FROM bookings WHERE id = v_booking_id) THEN

        -- Prepare the update statement for the bookings table

        SET @v_booking_id = v_booking_id;

        SET @v_booking_date_time = v_booking_date_time;



        SET @update_booking_sql = 'UPDATE bookings SET booking_date_time = ? WHERE id = ?';

        PREPARE stmt_booking FROM @update_booking_sql;

        EXECUTE stmt_booking USING @v_booking_date_time, @v_booking_id;

        DEALLOCATE PREPARE stmt_booking;



        -- Commit the transaction

        COMMIT;



        -- Return the success message

        SELECT 'Booking update was successful' AS message;

    ELSE

        -- Rollback the transaction if the booking does not exist

        ROLLBACK;

        -- Return the failure message

        SELECT CONCAT('Booking with booking id ', v_booking_id, ' not found.') AS message;

    END IF;

END ;;
DELIMITER ;
/*!50003 SET sql_mode              = @saved_sql_mode */ ;
/*!50003 SET character_set_client  = @saved_cs_client */ ;
/*!50003 SET character_set_results = @saved_cs_results */ ;
/*!50003 SET collation_connection  = @saved_col_connection */ ;

--
-- Final view structure for view `customers_order_view`
--

/*!50001 DROP VIEW IF EXISTS `customers_order_view`*/;
/*!50001 SET @saved_cs_client          = @@character_set_client */;
/*!50001 SET @saved_cs_results         = @@character_set_results */;
/*!50001 SET @saved_col_connection     = @@collation_connection */;
/*!50001 SET character_set_client      = utf8mb4 */;
/*!50001 SET character_set_results     = utf8mb4 */;
/*!50001 SET collation_connection      = utf8mb4_0900_ai_ci */;
/*!50001 CREATE ALGORITHM=UNDEFINED */
/*!50013 DEFINER=`root`@`localhost` SQL SECURITY DEFINER */
/*!50001 VIEW `customers_order_view` AS select `c`.`id` AS `customer_id`,`c`.`name` AS `customer_name`,`b`.`id` AS `booking_id`,`b`.`booking_date_time` AS `booking_date_time`,`b`.`table_number` AS `table_number`,`s`.`name` AS `staff_name`,`o`.`id` AS `order_id`,`o`.`order_datetime` AS `order_datetime`,`o`.`total_cost` AS `total_cost`,`o`.`status` AS `status`,`m`.`name` AS `menu_item_name`,`ohm`.`order_quantity` AS `order_quantity` from (((((`customers` `c` join `bookings` `b` on((`c`.`id` = `b`.`customers_id`))) join `orders` `o` on((`b`.`id` = `o`.`bookings_id`))) join `staff` `s` on((`o`.`staff_id` = `s`.`id`))) join `orders_has_menu` `ohm` on((`o`.`id` = `ohm`.`orders_id`))) join `menu` `m` on((`ohm`.`menu_id` = `m`.`id`))) */;
/*!50001 SET character_set_client      = @saved_cs_client */;
/*!50001 SET character_set_results     = @saved_cs_results */;
/*!50001 SET collation_connection      = @saved_col_connection */;

--
-- Final view structure for view `orders_view`
--

/*!50001 DROP VIEW IF EXISTS `orders_view`*/;
/*!50001 SET @saved_cs_client          = @@character_set_client */;
/*!50001 SET @saved_cs_results         = @@character_set_results */;
/*!50001 SET @saved_col_connection     = @@collation_connection */;
/*!50001 SET character_set_client      = utf8mb4 */;
/*!50001 SET character_set_results     = utf8mb4 */;
/*!50001 SET collation_connection      = utf8mb4_0900_ai_ci */;
/*!50001 CREATE ALGORITHM=UNDEFINED */
/*!50013 DEFINER=`root`@`localhost` SQL SECURITY DEFINER */
/*!50001 VIEW `orders_view` AS select `o`.`id` AS `OrderID`,`ohm`.`order_quantity` AS `Quantity`,(`ohm`.`order_quantity` * `m`.`price`) AS `Cost` from ((`orders` `o` join `orders_has_menu` `ohm` on((`o`.`id` = `ohm`.`orders_id`))) join `menu` `m` on((`ohm`.`menu_id` = `m`.`id`))) where (`ohm`.`order_quantity` > 2) */;
/*!50001 SET character_set_client      = @saved_cs_client */;
/*!50001 SET character_set_results     = @saved_cs_results */;
/*!50001 SET collation_connection      = @saved_col_connection */;
/*!40103 SET TIME_ZONE=@OLD_TIME_ZONE */;

/*!40101 SET SQL_MODE=@OLD_SQL_MODE */;
/*!40014 SET FOREIGN_KEY_CHECKS=@OLD_FOREIGN_KEY_CHECKS */;
/*!40014 SET UNIQUE_CHECKS=@OLD_UNIQUE_CHECKS */;
/*!40101 SET CHARACTER_SET_CLIENT=@OLD_CHARACTER_SET_CLIENT */;
/*!40101 SET CHARACTER_SET_RESULTS=@OLD_CHARACTER_SET_RESULTS */;
/*!40101 SET COLLATION_CONNECTION=@OLD_COLLATION_CONNECTION */;
/*!40111 SET SQL_NOTES=@OLD_SQL_NOTES */;

-- Dump completed on 2025-02-23  3:01:01
